period,region,sku,sales amount,pandemic
1/1/2019,Indonesia,sku 141,1534653.4,0
2/1/2019,Indonesia,sku 141,1310567.4,0
3/1/2019,Indonesia,sku 141,1496013.1,0
4/1/2019,Indonesia,sku 141,1482934.5,0
5/1/2019,Indonesia,sku 141,1527241,0
6/1/2019,Indonesia,sku 141,1597933.9,0
7/1/2019,Indonesia,sku 141,1613474.7,0
8/1/2019,Indonesia,sku 141,1569330.6,0
9/1/2019,Indonesia,sku 141,1526240.4,0
10/1/2019,Indonesia,sku 141,1672479.8,0
11/1/2019,Indonesia,sku 141,1644888.1,0
12/1/2019,Indonesia,sku 141,1696020.3,0
1/1/2020,Indonesia,sku 141,1648264.9,0
2/1/2020,Indonesia,sku 141,1524382.2,0
3/1/2020,Indonesia,sku 141,1545204.8,0
4/1/2020,Indonesia,sku 141,1201791.8,1
5/1/2020,Indonesia,sku 141,962374.5,1
6/1/2020,Indonesia,sku 141,1095035.2,1
7/1/2020,Indonesia,sku 141,1108923.3,1
8/1/2020,Indonesia,sku 141,1213578.3,1
9/1/2020,Indonesia,sku 141,1232224.5,1
10/1/2020,Indonesia,sku 141,1242240.3,1
11/1/2020,Indonesia,sku 141,1306509.6,1
12/1/2020,Indonesia,sku 141,1358150.8,1
1/1/2021,Indonesia,sku 141,1309702.9,1
2/1/2021,Indonesia,sku 141,1186109.9,1
3/1/2021,Indonesia,sku 141,1303513.1,1
4/1/2021,Indonesia,sku 141,1307881.5,1
5/1/2021,Indonesia,sku 141,1353818.2,1
6/1/2021,Indonesia,sku 141,1437391,1
7/1/2021,Indonesia,sku 141,1299533.3,1
8/1/2021,Indonesia,sku 141,1335375.4,1
9/1/2021,Indonesia,sku 141,1455719.4,1
10/1/2021,Indonesia,sku 141,1578541.3,1
11/1/2021,Indonesia,sku 141,1594533.1,1
12/1/2021,Indonesia,sku 141,1619722,1
1/1/2022,Indonesia,sku 141,1659229.3,1
1/1/2019,Indonesia,sku 341,747891.9,0
2/1/2019,Indonesia,sku 341,626367,0
3/1/2019,Indonesia,sku 341,710259.3,0
4/1/2019,Indonesia,sku 341,717015.6,0
5/1/2019,Indonesia,sku 341,748816,0
6/1/2019,Indonesia,sku 341,783350.8,0
7/1/2019,Indonesia,sku 341,803748.8,0
8/1/2019,Indonesia,sku 341,774466.1,0
9/1/2019,Indonesia,sku 341,723388,0
10/1/2019,Indonesia,sku 341,805258.3,0
11/1/2019,Indonesia,sku 341,777509.8,0
12/1/2019,Indonesia,sku 341,810341.8,0
1/1/2020,Indonesia,sku 341,786599.4,0
2/1/2020,Indonesia,sku 341,718217.2,0
3/1/2020,Indonesia,sku 341,729082.2,0
4/1/2020,Indonesia,sku 341,573318,1
5/1/2020,Indonesia,sku 341,454273.8,1
6/1/2020,Indonesia,sku 341,518414,1
7/1/2020,Indonesia,sku 341,533266.4,1
8/1/2020,Indonesia,sku 341,602858.6,1
9/1/2020,Indonesia,sku 341,607835.2,1
10/1/2020,Indonesia,sku 341,610368.2,1
11/1/2020,Indonesia,sku 341,632758.3,1
12/1/2020,Indonesia,sku 341,624560.9,1
1/1/2021,Indonesia,sku 341,606048.6,1
2/1/2021,Indonesia,sku 341,545240,1
3/1/2021,Indonesia,sku 341,602795.4,1
4/1/2021,Indonesia,sku 341,600328.9,1
5/1/2021,Indonesia,sku 341,614548.5,1
6/1/2021,Indonesia,sku 341,662672.6,1
7/1/2021,Indonesia,sku 341,599812.2,1
8/1/2021,Indonesia,sku 341,609712.8,1
9/1/2021,Indonesia,sku 341,644179.5,1
10/1/2021,Indonesia,sku 341,696581.6,1
11/1/2021,Indonesia,sku 341,707623.5,1
12/1/2021,Indonesia,sku 341,713067,1
1/1/2022,Indonesia,sku 341,744064.2,1
1/1/2019,Indonesia,sku87,62249.1,0
2/1/2019,Indonesia,sku87,52748,0
3/1/2019,Indonesia,sku87,61466.6,0
4/1/2019,Indonesia,sku87,59568.8,0
5/1/2019,Indonesia,sku87,62440.8,0
6/1/2019,Indonesia,sku87,63998.5,0
7/1/2019,Indonesia,sku87,60990.1,0
8/1/2019,Indonesia,sku87,59049.6,0
9/1/2019,Indonesia,sku87,62314,0
10/1/2019,Indonesia,sku87,60991,0
11/1/2019,Indonesia,sku87,61295.2,0
12/1/2019,Indonesia,sku87,63537.5,0
1/1/2020,Indonesia,sku87,61439.8,0
2/1/2020,Indonesia,sku87,56693.7,0
3/1/2020,Indonesia,sku87,57931.3,0
4/1/2020,Indonesia,sku87,41665,1
5/1/2020,Indonesia,sku87,33167.9,1
6/1/2020,Indonesia,sku87,35354.7,1
7/1/2020,Indonesia,sku87,35278.3,1
8/1/2020,Indonesia,sku87,40168.9,1
9/1/2020,Indonesia,sku87,45933.9,1
10/1/2020,Indonesia,sku87,49420.3,1
11/1/2020,Indonesia,sku87,46037.5,1
12/1/2020,Indonesia,sku87,48843.7,1
1/1/2021,Indonesia,sku87,48006.5,1
2/1/2021,Indonesia,sku87,43558.6,1
3/1/2021,Indonesia,sku87,51384.6,1
4/1/2021,Indonesia,sku87,47760.1,1
5/1/2021,Indonesia,sku87,47257.5,1
6/1/2021,Indonesia,sku87,49633.1,1
7/1/2021,Indonesia,sku87,46733.2,1
8/1/2021,Indonesia,sku87,50435.8,1
9/1/2021,Indonesia,sku87,61000.9,1
10/1/2021,Indonesia,sku87,65738.3,1
11/1/2021,Indonesia,sku87,69415.9,1
12/1/2021,Indonesia,sku87,70757.8,1
1/1/2022,Indonesia,sku87,69307.4,1
1/1/2019,Indonesia,sku12,62249.1,0
2/1/2019,Indonesia,sku12,52748,0
3/1/2019,Indonesia,sku12,61466.6,0
4/1/2019,Indonesia,sku12,59568.8,0
5/1/2019,Indonesia,sku12,62440.8,0
6/1/2019,Indonesia,sku12,63998.5,0
7/1/2019,Indonesia,sku12,60990.1,0
8/1/2019,Indonesia,sku12,59049.6,0
9/1/2019,Indonesia,sku12,62314,0
10/1/2019,Indonesia,sku12,60991,0
11/1/2019,Indonesia,sku12,61295.2,0
12/1/2019,Indonesia,sku12,63537.5,0
1/1/2020,Indonesia,sku12,61439.8,0
2/1/2020,Indonesia,sku12,56693.7,0
3/1/2020,Indonesia,sku12,57931.3,0
4/1/2020,Indonesia,sku12,41665,1
5/1/2020,Indonesia,sku12,33167.9,1
6/1/2020,Indonesia,sku12,35354.7,1
7/1/2020,Indonesia,sku12,35278.3,1
8/1/2020,Indonesia,sku12,40110.8,1
9/1/2020,Indonesia,sku12,45038.2,1
10/1/2020,Indonesia,sku12,47807.5,1
11/1/2020,Indonesia,sku12,44534.7,1
12/1/2020,Indonesia,sku12,47859.5,1
1/1/2021,Indonesia,sku12,46529,1
2/1/2021,Indonesia,sku12,43166.6,1
3/1/2021,Indonesia,sku12,51383.9,1
4/1/2021,Indonesia,sku12,47759.9,1
5/1/2021,Indonesia,sku12,47257.4,1
6/1/2021,Indonesia,sku12,49380.1,1
7/1/2021,Indonesia,sku12,45930.4,1
8/1/2021,Indonesia,sku12,48992.8,1
9/1/2021,Indonesia,sku12,59831,1
10/1/2021,Indonesia,sku12,64030.3,1
11/1/2021,Indonesia,sku12,68016.8,1
12/1/2021,Indonesia,sku12,69721.7,1
1/1/2022,Indonesia,sku12,68061.9,1
1/1/2019,Indonesia,sku555,,0
2/1/2019,Indonesia,sku555,,0
3/1/2019,Indonesia,sku555,,0
4/1/2019,Indonesia,sku555,,0
5/1/2019,Indonesia,sku555,,0
6/1/2019,Indonesia,sku555,,0
7/1/2019,Indonesia,sku555,,0
8/1/2019,Indonesia,sku555,,0
9/1/2019,Indonesia,sku555,,0
10/1/2019,Indonesia,sku555,,0
11/1/2019,Indonesia,sku555,,0
12/1/2019,Indonesia,sku555,,0
1/1/2020,Indonesia,sku555,,0
2/1/2020,Indonesia,sku555,,0
3/1/2020,Indonesia,sku555,,0
4/1/2020,Indonesia,sku555,,1
5/1/2020,Indonesia,sku555,,1
6/1/2020,Indonesia,sku555,,1
7/1/2020,Indonesia,sku555,,1
8/1/2020,Indonesia,sku555,58.1,1
9/1/2020,Indonesia,sku555,895.6,1
10/1/2020,Indonesia,sku555,1612.8,1
11/1/2020,Indonesia,sku555,1502.8,1
12/1/2020,Indonesia,sku555,984.2,1
1/1/2021,Indonesia,sku555,1477.4,1
2/1/2021,Indonesia,sku555,392.1,1
3/1/2021,Indonesia,sku555,0.7,1
4/1/2021,Indonesia,sku555,0.2,1
5/1/2021,Indonesia,sku555,0,1
6/1/2021,Indonesia,sku555,253,1
7/1/2021,Indonesia,sku555,802.8,1
8/1/2021,Indonesia,sku555,1443,1
9/1/2021,Indonesia,sku555,1169.9,1
10/1/2021,Indonesia,sku555,1708,1
11/1/2021,Indonesia,sku555,1399.2,1
12/1/2021,Indonesia,sku555,1036.1,1
1/1/2022,Indonesia,sku555,1245.5,1
1/1/2019,Indonesia,sku76,136404.9,0
2/1/2019,Indonesia,sku76,115085.6,0
3/1/2019,Indonesia,sku76,132883,0
4/1/2019,Indonesia,sku76,132463.1,0
5/1/2019,Indonesia,sku76,136151.9,0
6/1/2019,Indonesia,sku76,136952.5,0
7/1/2019,Indonesia,sku76,132978.8,0
8/1/2019,Indonesia,sku76,134545.2,0
9/1/2019,Indonesia,sku76,137596.5,0
10/1/2019,Indonesia,sku76,162852.5,0
11/1/2019,Indonesia,sku76,168608.8,0
12/1/2019,Indonesia,sku76,179361,0
1/1/2020,Indonesia,sku76,181570.4,0
2/1/2020,Indonesia,sku76,169314.4,0
3/1/2020,Indonesia,sku76,173187.4,0
4/1/2020,Indonesia,sku76,130736.7,1
5/1/2020,Indonesia,sku76,101685.1,1
6/1/2020,Indonesia,sku76,115541.2,1
7/1/2020,Indonesia,sku76,118787.4,1
8/1/2020,Indonesia,sku76,131163.8,1
9/1/2020,Indonesia,sku76,140712.5,1
10/1/2020,Indonesia,sku76,145425.6,1
11/1/2020,Indonesia,sku76,157926.3,1
12/1/2020,Indonesia,sku76,183211.8,1
1/1/2021,Indonesia,sku76,174941.7,1
2/1/2021,Indonesia,sku76,161108.1,1
3/1/2021,Indonesia,sku76,181902.8,1
4/1/2021,Indonesia,sku76,189658.2,1
5/1/2021,Indonesia,sku76,195973.6,1
6/1/2021,Indonesia,sku76,208346,1
7/1/2021,Indonesia,sku76,180485.8,1
8/1/2021,Indonesia,sku76,186802.1,1
9/1/2021,Indonesia,sku76,210251,1
10/1/2021,Indonesia,sku76,219892.3,1
11/1/2021,Indonesia,sku76,217134.2,1
12/1/2021,Indonesia,sku76,235873.4,1
1/1/2022,Indonesia,sku76,222515.2,1
1/1/2019,Indonesia,SKU12354,59503.1,0
2/1/2019,Indonesia,SKU12354,49846.8,0
3/1/2019,Indonesia,SKU12354,55626.8,0
4/1/2019,Indonesia,SKU12354,51886.6,0
5/1/2019,Indonesia,SKU12354,51995.1,0
6/1/2019,Indonesia,SKU12354,51677.7,0
7/1/2019,Indonesia,SKU12354,52160,0
8/1/2019,Indonesia,SKU12354,51114.6,0
9/1/2019,Indonesia,SKU12354,53488.6,0
10/1/2019,Indonesia,SKU12354,54121.5,0
11/1/2019,Indonesia,SKU12354,53439.9,0
12/1/2019,Indonesia,SKU12354,54304.3,0
1/1/2020,Indonesia,SKU12354,54254.4,0
2/1/2020,Indonesia,SKU12354,49747.2,0
3/1/2020,Indonesia,SKU12354,49422.2,0
4/1/2020,Indonesia,SKU12354,39944.1,1
5/1/2020,Indonesia,SKU12354,31705.2,1
6/1/2020,Indonesia,SKU12354,34776.2,1
7/1/2020,Indonesia,SKU12354,34064.4,1
8/1/2020,Indonesia,SKU12354,35587.9,1
9/1/2020,Indonesia,SKU12354,34265,1
10/1/2020,Indonesia,SKU12354,33979.1,1
11/1/2020,Indonesia,SKU12354,40288.8,1
12/1/2020,Indonesia,SKU12354,57250,1
1/1/2021,Indonesia,SKU12354,43438.9,1
2/1/2021,Indonesia,SKU12354,39968.5,1
3/1/2021,Indonesia,SKU12354,42457.1,1
4/1/2021,Indonesia,SKU12354,45195.2,1
5/1/2021,Indonesia,SKU12354,47570.5,1
6/1/2021,Indonesia,SKU12354,46449.1,1
7/1/2021,Indonesia,SKU12354,42140.3,1
8/1/2021,Indonesia,SKU12354,42731.6,1
9/1/2021,Indonesia,SKU12354,46277.4,1
10/1/2021,Indonesia,SKU12354,54123.4,1
11/1/2021,Indonesia,SKU12354,56199.4,1
12/1/2021,Indonesia,SKU12354,58740.2,1
1/1/2022,Indonesia,SKU12354,58742.2,1
1/1/2019,Indonesia,SKU12354,20664,0
2/1/2019,Indonesia,SKU12354,19135.5,0
3/1/2019,Indonesia,SKU12354,24051.5,0
4/1/2019,Indonesia,SKU12354,22766.6,0
5/1/2019,Indonesia,SKU12354,24343.2,0
6/1/2019,Indonesia,SKU12354,24092.3,0
7/1/2019,Indonesia,SKU12354,21499.7,0
8/1/2019,Indonesia,SKU12354,25481.6,0
9/1/2019,Indonesia,SKU12354,21498.7,0
10/1/2019,Indonesia,SKU12354,23593.9,0
11/1/2019,Indonesia,SKU12354,26005.6,0
12/1/2019,Indonesia,SKU12354,26228.7,0
1/1/2020,Indonesia,SKU12354,23954.4,0
2/1/2020,Indonesia,SKU12354,22862.7,0
3/1/2020,Indonesia,SKU12354,23774.2,0
4/1/2020,Indonesia,SKU12354,15854.5,1
5/1/2020,Indonesia,SKU12354,13638.7,1
6/1/2020,Indonesia,SKU12354,17439.9,1
7/1/2020,Indonesia,SKU12354,16444.1,1
8/1/2020,Indonesia,SKU12354,17432.6,1
9/1/2020,Indonesia,SKU12354,17444.9,1
10/1/2020,Indonesia,SKU12354,18015,1
11/1/2020,Indonesia,SKU12354,21016.9,1
12/1/2020,Indonesia,SKU12354,23845.3,1
1/1/2021,Indonesia,SKU12354,23752.4,1
2/1/2021,Indonesia,SKU12354,19534.3,1
3/1/2021,Indonesia,SKU12354,18896.7,1
4/1/2021,Indonesia,SKU12354,19454.5,1
5/1/2021,Indonesia,SKU12354,23778.5,1
6/1/2021,Indonesia,SKU12354,23199.9,1
7/1/2021,Indonesia,SKU12354,16179.6,1
8/1/2021,Indonesia,SKU12354,16340.4,1
9/1/2021,Indonesia,SKU12354,19217.5,1
10/1/2021,Indonesia,SKU12354,22449.8,1
11/1/2021,Indonesia,SKU12354,24621.6,1
12/1/2021,Indonesia,SKU12354,25124.1,1
1/1/2022,Indonesia,SKU12354,29374.7,1
1/1/2019,Indonesia,SKU12354,24574,0
2/1/2019,Indonesia,SKU12354,24866,0
3/1/2019,Indonesia,SKU12354,26160.4,0
4/1/2019,Indonesia,SKU12354,24792.6,0
5/1/2019,Indonesia,SKU12354,22064.3,0
6/1/2019,Indonesia,SKU12354,20240.2,0
7/1/2019,Indonesia,SKU12354,22878.6,0
8/1/2019,Indonesia,SKU12354,28741.6,0
9/1/2019,Indonesia,SKU12354,29414.1,0
10/1/2019,Indonesia,SKU12354,33352.6,0
11/1/2019,Indonesia,SKU12354,34061.7,0
12/1/2019,Indonesia,SKU12354,32377.8,0
1/1/2020,Indonesia,SKU12354,28189.5,0
2/1/2020,Indonesia,SKU12354,25754.7,0
3/1/2020,Indonesia,SKU12354,24634,0
4/1/2020,Indonesia,SKU12354,20081.2,1
5/1/2020,Indonesia,SKU12354,16855.3,1
6/1/2020,Indonesia,SKU12354,20094.8,1
7/1/2020,Indonesia,SKU12354,21932.7,1
8/1/2020,Indonesia,SKU12354,24203.7,1
9/1/2020,Indonesia,SKU12354,22411.6,1
10/1/2020,Indonesia,SKU12354,21601.5,1
11/1/2020,Indonesia,SKU12354,21715,1
12/1/2020,Indonesia,SKU12354,16298.5,1
1/1/2021,Indonesia,SKU12354,18024.2,1
2/1/2021,Indonesia,SKU12354,19230.4,1
3/1/2021,Indonesia,SKU12354,21437.6,1
4/1/2021,Indonesia,SKU12354,19571.2,1
5/1/2021,Indonesia,SKU12354,17646.1,1
6/1/2021,Indonesia,SKU12354,19924.4,1
7/1/2021,Indonesia,SKU12354,18346.8,1
8/1/2021,Indonesia,SKU12354,19033.5,1
9/1/2021,Indonesia,SKU12354,21362.2,1
10/1/2021,Indonesia,SKU12354,20256.2,1
11/1/2021,Indonesia,SKU12354,23718.7,1
12/1/2021,Indonesia,SKU12354,24798.5,1
1/1/2022,Indonesia,SKU12354,24536.1,1
1/1/2019,Indonesia,sku6543,32662.2,0
2/1/2019,Indonesia,sku6543,27715.3,0
3/1/2019,Indonesia,sku6543,31959.9,0
4/1/2019,Indonesia,sku6543,33734.9,0
5/1/2019,Indonesia,sku6543,34526.1,0
6/1/2019,Indonesia,sku6543,36269.8,0
7/1/2019,Indonesia,sku6543,36957.6,0
8/1/2019,Indonesia,sku6543,33841.9,0
9/1/2019,Indonesia,sku6543,33985.5,0
10/1/2019,Indonesia,sku6543,34919.7,0
11/1/2019,Indonesia,sku6543,35089.9,0
12/1/2019,Indonesia,sku6543,34043.1,0
1/1/2020,Indonesia,sku6543,35730.7,0
2/1/2020,Indonesia,sku6543,31432.4,0
3/1/2020,Indonesia,sku6543,33795,0
4/1/2020,Indonesia,sku6543,23590.9,1
5/1/2020,Indonesia,sku6543,17701,1
6/1/2020,Indonesia,sku6543,20491.9,1
7/1/2020,Indonesia,sku6543,23484.4,1
8/1/2020,Indonesia,sku6543,24689.6,1
9/1/2020,Indonesia,sku6543,25837.2,1
10/1/2020,Indonesia,sku6543,25792.2,1
11/1/2020,Indonesia,sku6543,26169.2,1
12/1/2020,Indonesia,sku6543,27316.6,1
1/1/2021,Indonesia,sku6543,25257.3,1
2/1/2021,Indonesia,sku6543,20119.2,1
3/1/2021,Indonesia,sku6543,24494.7,1
4/1/2021,Indonesia,sku6543,27062.7,1
5/1/2021,Indonesia,sku6543,26559.1,1
6/1/2021,Indonesia,sku6543,31406.9,1
7/1/2021,Indonesia,sku6543,28909.3,1
8/1/2021,Indonesia,sku6543,29178,1
9/1/2021,Indonesia,sku6543,28144.3,1
10/1/2021,Indonesia,sku6543,32207.5,1
11/1/2021,Indonesia,sku6543,31426.3,1
12/1/2021,Indonesia,sku6543,31778.2,1
1/1/2022,Indonesia,sku6543,32236.4,1
1/1/2019,Indonesia,sku43,8457.7,0
2/1/2019,Indonesia,sku43,8935.1,0
3/1/2019,Indonesia,sku43,12709.8,0
4/1/2019,Indonesia,sku43,12032.9,0
5/1/2019,Indonesia,sku43,12565.9,0
6/1/2019,Indonesia,sku43,9882.3,0
7/1/2019,Indonesia,sku43,9529.4,0
8/1/2019,Indonesia,sku43,10091.5,0
9/1/2019,Indonesia,sku43,10007.6,0
10/1/2019,Indonesia,sku43,9327.5,0
11/1/2019,Indonesia,sku43,8292.9,0
12/1/2019,Indonesia,sku43,10721.6,0
1/1/2020,Indonesia,sku43,11391.6,0
2/1/2020,Indonesia,sku43,11302.1,0
3/1/2020,Indonesia,sku43,11382,0
4/1/2020,Indonesia,sku43,10951.6,1
5/1/2020,Indonesia,sku43,8198.7,1
6/1/2020,Indonesia,sku43,8447.7,1
7/1/2020,Indonesia,sku43,8781,1
8/1/2020,Indonesia,sku43,7379.9,1
9/1/2020,Indonesia,sku43,8921.1,1
10/1/2020,Indonesia,sku43,7975.9,1
11/1/2020,Indonesia,sku43,9263.7,1
12/1/2020,Indonesia,sku43,8869.6,1
1/1/2021,Indonesia,sku43,9705.7,1
2/1/2021,Indonesia,sku43,8256.5,1
3/1/2021,Indonesia,sku43,8430.2,1
4/1/2021,Indonesia,sku43,7483,1
5/1/2021,Indonesia,sku43,8900.4,1
6/1/2021,Indonesia,sku43,9947.8,1
7/1/2021,Indonesia,sku43,8160.5,1
8/1/2021,Indonesia,sku43,10444.8,1
9/1/2021,Indonesia,sku43,14919.3,1
10/1/2021,Indonesia,sku43,15331.2,1
11/1/2021,Indonesia,sku43,13061,1
12/1/2021,Indonesia,sku43,11894.2,1
1/1/2022,Indonesia,sku43,12961.7,1
1/1/2019,Indonesia,sku788,8457.7,0
2/1/2019,Indonesia,sku788,8935.1,0
3/1/2019,Indonesia,sku788,12709.8,0
4/1/2019,Indonesia,sku788,12032.9,0
5/1/2019,Indonesia,sku788,12565.9,0
6/1/2019,Indonesia,sku788,9882.3,0
7/1/2019,Indonesia,sku788,9529.4,0
8/1/2019,Indonesia,sku788,10091.5,0
9/1/2019,Indonesia,sku788,10007.6,0
10/1/2019,Indonesia,sku788,9327.5,0
11/1/2019,Indonesia,sku788,8292.9,0
12/1/2019,Indonesia,sku788,10721.6,0
1/1/2020,Indonesia,sku788,11391.6,0
2/1/2020,Indonesia,sku788,11302.1,0
3/1/2020,Indonesia,sku788,11382,0
4/1/2020,Indonesia,sku788,10951.6,1
5/1/2020,Indonesia,sku788,8198.7,1
6/1/2020,Indonesia,sku788,8447.7,1
7/1/2020,Indonesia,sku788,8781,1
8/1/2020,Indonesia,sku788,7379.9,1
9/1/2020,Indonesia,sku788,8921.1,1
10/1/2020,Indonesia,sku788,7975.9,1
11/1/2020,Indonesia,sku788,9263.7,1
12/1/2020,Indonesia,sku788,8869.6,1
1/1/2021,Indonesia,sku788,9705.7,1
2/1/2021,Indonesia,sku788,8256.5,1
3/1/2021,Indonesia,sku788,8430.2,1
4/1/2021,Indonesia,sku788,7483,1
5/1/2021,Indonesia,sku788,8900.4,1
6/1/2021,Indonesia,sku788,9947.8,1
7/1/2021,Indonesia,sku788,8160.5,1
8/1/2021,Indonesia,sku788,10444.8,1
9/1/2021,Indonesia,sku788,14919.3,1
10/1/2021,Indonesia,sku788,15331.2,1
11/1/2021,Indonesia,sku788,13061,1
12/1/2021,Indonesia,sku788,11894.2,1
1/1/2022,Indonesia,sku788,12961.7,1
1/1/2019,Indonesia,sku6544,10781.9,0
2/1/2019,Indonesia,sku6544,11995.6,0
3/1/2019,Indonesia,sku6544,13136.1,0
4/1/2019,Indonesia,sku6544,10799.5,0
5/1/2019,Indonesia,sku6544,10374.7,0
6/1/2019,Indonesia,sku6544,12020,0
7/1/2019,Indonesia,sku6544,12351.5,0
8/1/2019,Indonesia,sku6544,11837.9,0
9/1/2019,Indonesia,sku6544,13322.7,0
10/1/2019,Indonesia,sku6544,14900.6,0
11/1/2019,Indonesia,sku6544,14338.9,0
12/1/2019,Indonesia,sku6544,14965.4,0
1/1/2020,Indonesia,sku6544,14490,0
2/1/2020,Indonesia,sku6544,16238.6,0
3/1/2020,Indonesia,sku6544,10757.4,0
4/1/2020,Indonesia,sku6544,9406.4,1
5/1/2020,Indonesia,sku6544,9313.7,1
6/1/2020,Indonesia,sku6544,10312,1
7/1/2020,Indonesia,sku6544,11133,1
8/1/2020,Indonesia,sku6544,10761.7,1
9/1/2020,Indonesia,sku6544,10577.2,1
10/1/2020,Indonesia,sku6544,10597.6,1
11/1/2020,Indonesia,sku6544,12037.4,1
12/1/2020,Indonesia,sku6544,14451.2,1
1/1/2021,Indonesia,sku6544,15634.8,1
2/1/2021,Indonesia,sku6544,13389.3,1
3/1/2021,Indonesia,sku6544,13040.5,1
4/1/2021,Indonesia,sku6544,13568.9,1
5/1/2021,Indonesia,sku6544,11080.8,1
6/1/2021,Indonesia,sku6544,11390.6,1
7/1/2021,Indonesia,sku6544,14024.7,1
8/1/2021,Indonesia,sku6544,16189.2,1
9/1/2021,Indonesia,sku6544,18852.7,1
10/1/2021,Indonesia,sku6544,17468.4,1
11/1/2021,Indonesia,sku6544,17994,1
12/1/2021,Indonesia,sku6544,16557.1,1
1/1/2022,Indonesia,sku6544,16416.9,1
1/1/2019,Indonesia,sku6545,15571.5,0
2/1/2019,Indonesia,sku6545,11996.7,0
3/1/2019,Indonesia,sku6545,14782,0
4/1/2019,Indonesia,sku6545,14070.7,0
5/1/2019,Indonesia,sku6545,15002.3,0
6/1/2019,Indonesia,sku6545,15796.3,0
7/1/2019,Indonesia,sku6545,16751.1,0
8/1/2019,Indonesia,sku6545,16405.1,0
9/1/2019,Indonesia,sku6545,16834.2,0
10/1/2019,Indonesia,sku6545,17833.8,0
11/1/2019,Indonesia,sku6545,18206.6,0
12/1/2019,Indonesia,sku6545,18200.5,0
1/1/2020,Indonesia,sku6545,14480.4,0
2/1/2020,Indonesia,sku6545,12828.4,0
3/1/2020,Indonesia,sku6545,12747.5,0
4/1/2020,Indonesia,sku6545,8724.6,1
5/1/2020,Indonesia,sku6545,6230.2,1
6/1/2020,Indonesia,sku6545,7635.4,1
7/1/2020,Indonesia,sku6545,8463,1
8/1/2020,Indonesia,sku6545,8997.3,1
9/1/2020,Indonesia,sku6545,8784.8,1
10/1/2020,Indonesia,sku6545,8182.2,1
11/1/2020,Indonesia,sku6545,9827.8,1
12/1/2020,Indonesia,sku6545,9822,1
1/1/2021,Indonesia,sku6545,9335.7,1
2/1/2021,Indonesia,sku6545,8391.9,1
3/1/2021,Indonesia,sku6545,9044.1,1
4/1/2021,Indonesia,sku6545,10648.1,1
5/1/2021,Indonesia,sku6545,10253.5,1
6/1/2021,Indonesia,sku6545,12095.5,1
7/1/2021,Indonesia,sku6545,11661.6,1
8/1/2021,Indonesia,sku6545,14385.4,1
9/1/2021,Indonesia,sku6545,14615.1,1
10/1/2021,Indonesia,sku6545,19080,1
11/1/2021,Indonesia,sku6545,19496.9,1
12/1/2021,Indonesia,sku6545,18179,1
1/1/2022,Indonesia,sku6545,20258.9,1
1/1/2019,Indonesia,sku6545,32662.2,0
2/1/2019,Indonesia,sku6545,27715.3,0
3/1/2019,Indonesia,sku6545,31959.9,0
4/1/2019,Indonesia,sku6545,33734.9,0
5/1/2019,Indonesia,sku6545,34526.1,0
6/1/2019,Indonesia,sku6545,36269.8,0
7/1/2019,Indonesia,sku6545,36957.6,0
8/1/2019,Indonesia,sku6545,33841.9,0
9/1/2019,Indonesia,sku6545,33985.5,0
10/1/2019,Indonesia,sku6545,34919.7,0
11/1/2019,Indonesia,sku6545,35089.9,0
12/1/2019,Indonesia,sku6545,34043.1,0
1/1/2020,Indonesia,sku6545,35730.7,0
2/1/2020,Indonesia,sku6545,31432.4,0
3/1/2020,Indonesia,sku6545,33795,0
4/1/2020,Indonesia,sku6545,23590.9,1
5/1/2020,Indonesia,sku6545,17701,1
6/1/2020,Indonesia,sku6545,20491.9,1
7/1/2020,Indonesia,sku6545,23484.4,1
8/1/2020,Indonesia,sku6545,24689.6,1
9/1/2020,Indonesia,sku6545,25837.2,1
10/1/2020,Indonesia,sku6545,25792.2,1
11/1/2020,Indonesia,sku6545,26169.2,1
12/1/2020,Indonesia,sku6545,27316.6,1
1/1/2021,Indonesia,sku6545,25257.3,1
2/1/2021,Indonesia,sku6545,20119.2,1
3/1/2021,Indonesia,sku6545,24494.7,1
4/1/2021,Indonesia,sku6545,27062.7,1
5/1/2021,Indonesia,sku6545,26559.1,1
6/1/2021,Indonesia,sku6545,31406.9,1
7/1/2021,Indonesia,sku6545,28909.3,1
8/1/2021,Indonesia,sku6545,29178,1
9/1/2021,Indonesia,sku6545,28144.3,1
10/1/2021,Indonesia,sku6545,32207.5,1
11/1/2021,Indonesia,sku6545,31426.3,1
12/1/2021,Indonesia,sku6545,31778.2,1
1/1/2022,Indonesia,sku6545,32236.4,1
1/1/2019,Indonesia,sku556,8457.7,0
2/1/2019,Indonesia,sku556,8935.1,0
3/1/2019,Indonesia,sku556,12709.8,0
4/1/2019,Indonesia,sku556,12032.9,0
5/1/2019,Indonesia,sku556,12565.9,0
6/1/2019,Indonesia,sku556,9882.3,0
7/1/2019,Indonesia,sku556,9529.4,0
8/1/2019,Indonesia,sku556,10091.5,0
9/1/2019,Indonesia,sku556,10007.6,0
10/1/2019,Indonesia,sku556,9327.5,0
11/1/2019,Indonesia,sku556,8292.9,0
12/1/2019,Indonesia,sku556,10721.6,0
1/1/2020,Indonesia,sku556,11391.6,0
2/1/2020,Indonesia,sku556,11302.1,0
3/1/2020,Indonesia,sku556,11382,0
4/1/2020,Indonesia,sku556,10951.6,1
5/1/2020,Indonesia,sku556,8198.7,1
6/1/2020,Indonesia,sku556,8447.7,1
7/1/2020,Indonesia,sku556,8781,1
8/1/2020,Indonesia,sku556,7379.9,1
9/1/2020,Indonesia,sku556,8921.1,1
10/1/2020,Indonesia,sku556,7975.9,1
11/1/2020,Indonesia,sku556,9263.7,1
12/1/2020,Indonesia,sku556,8869.6,1
1/1/2021,Indonesia,sku556,9705.7,1
2/1/2021,Indonesia,sku556,8256.5,1
3/1/2021,Indonesia,sku556,8430.2,1
4/1/2021,Indonesia,sku556,7483,1
5/1/2021,Indonesia,sku556,8900.4,1
6/1/2021,Indonesia,sku556,9947.8,1
7/1/2021,Indonesia,sku556,8160.5,1
8/1/2021,Indonesia,sku556,10444.8,1
9/1/2021,Indonesia,sku556,14919.3,1
10/1/2021,Indonesia,sku556,15331.2,1
11/1/2021,Indonesia,sku556,13061,1
12/1/2021,Indonesia,sku556,11894.2,1
1/1/2022,Indonesia,sku556,12961.7,1
1/1/2019,Indonesia,sku557,10781.9,0
2/1/2019,Indonesia,sku557,11995.6,0
3/1/2019,Indonesia,sku557,13136.1,0
4/1/2019,Indonesia,sku557,10799.5,0
5/1/2019,Indonesia,sku557,10374.7,0
6/1/2019,Indonesia,sku557,12020,0
7/1/2019,Indonesia,sku557,12351.5,0
8/1/2019,Indonesia,sku557,11837.9,0
9/1/2019,Indonesia,sku557,13322.7,0
10/1/2019,Indonesia,sku557,14900.6,0
11/1/2019,Indonesia,sku557,14338.9,0
12/1/2019,Indonesia,sku557,14965.4,0
1/1/2020,Indonesia,sku557,14490,0
2/1/2020,Indonesia,sku557,16238.6,0
3/1/2020,Indonesia,sku557,10757.4,0
4/1/2020,Indonesia,sku557,9406.4,1
5/1/2020,Indonesia,sku557,9313.7,1
6/1/2020,Indonesia,sku557,10312,1
7/1/2020,Indonesia,sku557,11133,1
8/1/2020,Indonesia,sku557,10761.7,1
9/1/2020,Indonesia,sku557,10577.2,1
10/1/2020,Indonesia,sku557,10597.6,1
11/1/2020,Indonesia,sku557,12037.4,1
12/1/2020,Indonesia,sku557,14451.2,1
1/1/2021,Indonesia,sku557,15634.8,1
2/1/2021,Indonesia,sku557,13389.3,1
3/1/2021,Indonesia,sku557,13040.5,1
4/1/2021,Indonesia,sku557,13568.9,1
5/1/2021,Indonesia,sku557,11080.8,1
6/1/2021,Indonesia,sku557,11390.6,1
7/1/2021,Indonesia,sku557,14024.7,1
8/1/2021,Indonesia,sku557,16189.2,1
9/1/2021,Indonesia,sku557,18852.7,1
10/1/2021,Indonesia,sku557,17468.4,1
11/1/2021,Indonesia,sku557,17994,1
12/1/2021,Indonesia,sku557,16557.1,1
1/1/2022,Indonesia,sku557,16416.9,1
1/1/2019,Java,sku 141,984472.4,0
2/1/2019,Java,sku 141,834484.8,0
3/1/2019,Java,sku 141,961716.6,0
4/1/2019,Java,sku 141,950776.6,0
5/1/2019,Java,sku 141,987736.6,0
6/1/2019,Java,sku 141,1066421.1,0
7/1/2019,Java,sku 141,1050804.4,0
8/1/2019,Java,sku 141,1018971.2,0
9/1/2019,Java,sku 141,995910.7,0
10/1/2019,Java,sku 141,1119116.1,0
11/1/2019,Java,sku 141,1101898.6,0
12/1/2019,Java,sku 141,1136757.2,0
1/1/2020,Java,sku 141,1074669.6,0
2/1/2020,Java,sku 141,985352,0
3/1/2020,Java,sku 141,997254.2,0
4/1/2020,Java,sku 141,737489.3,1
5/1/2020,Java,sku 141,587068,1
6/1/2020,Java,sku 141,684142.8,1
7/1/2020,Java,sku 141,705245,1
8/1/2020,Java,sku 141,762219.7,1
9/1/2020,Java,sku 141,778352.9,1
10/1/2020,Java,sku 141,780894.9,1
11/1/2020,Java,sku 141,824171.3,1
12/1/2020,Java,sku 141,852458.3,1
1/1/2021,Java,sku 141,805057.7,1
2/1/2021,Java,sku 141,716525.8,1
3/1/2021,Java,sku 141,800038.8,1
4/1/2021,Java,sku 141,802876.3,1
5/1/2021,Java,sku 141,849028.3,1
6/1/2021,Java,sku 141,900922.7,1
7/1/2021,Java,sku 141,770314.1,1
8/1/2021,Java,sku 141,795182.5,1
9/1/2021,Java,sku 141,907345.9,1
10/1/2021,Java,sku 141,968457.9,1
11/1/2021,Java,sku 141,982048.9,1
12/1/2021,Java,sku 141,982288.4,1
1/1/2022,Java,sku 141,1003799.8,1
1/1/2019,Java,sku 341,466475.6,0
2/1/2019,Java,sku 341,384376.5,0
3/1/2019,Java,sku 341,446095.7,0
4/1/2019,Java,sku 341,451955.4,0
5/1/2019,Java,sku 341,476837.2,0
6/1/2019,Java,sku 341,514338.2,0
7/1/2019,Java,sku 341,514695.6,0
8/1/2019,Java,sku 341,490065.9,0
9/1/2019,Java,sku 341,463446.5,0
10/1/2019,Java,sku 341,534161.3,0
11/1/2019,Java,sku 341,510113,0
12/1/2019,Java,sku 341,530379.4,0
1/1/2020,Java,sku 341,496199.2,0
2/1/2020,Java,sku 341,449372,0
3/1/2020,Java,sku 341,450950.3,0
4/1/2020,Java,sku 341,339993.7,1
5/1/2020,Java,sku 341,265599.9,1
6/1/2020,Java,sku 341,318767.8,1
7/1/2020,Java,sku 341,339108.1,1
8/1/2020,Java,sku 341,376837.7,1
9/1/2020,Java,sku 341,377579.4,1
10/1/2020,Java,sku 341,381026.8,1
11/1/2020,Java,sku 341,395904.3,1
12/1/2020,Java,sku 341,386021.5,1
1/1/2021,Java,sku 341,369592.9,1
2/1/2021,Java,sku 341,323443.5,1
3/1/2021,Java,sku 341,364849.7,1
4/1/2021,Java,sku 341,362278.3,1
5/1/2021,Java,sku 341,377471.8,1
6/1/2021,Java,sku 341,410609.1,1
7/1/2021,Java,sku 341,356901,1
8/1/2021,Java,sku 341,358366.9,1
9/1/2021,Java,sku 341,396168.9,1
10/1/2021,Java,sku 341,421633.1,1
11/1/2021,Java,sku 341,440229.5,1
12/1/2021,Java,sku 341,432531.7,1
1/1/2022,Java,sku 341,451647.4,1
1/1/2019,Java,sku87,56294.7,0
2/1/2019,Java,sku87,48001.9,0
3/1/2019,Java,sku87,56449.3,0
4/1/2019,Java,sku87,53857.8,0
5/1/2019,Java,sku87,57154.8,0
6/1/2019,Java,sku87,58010.3,0
7/1/2019,Java,sku87,55402.7,0
8/1/2019,Java,sku87,54214.7,0
9/1/2019,Java,sku87,57735.7,0
10/1/2019,Java,sku87,56482.8,0
11/1/2019,Java,sku87,56220.5,0
12/1/2019,Java,sku87,58612.2,0
1/1/2020,Java,sku87,56492.5,0
2/1/2020,Java,sku87,52035.2,0
3/1/2020,Java,sku87,52875.7,0
4/1/2020,Java,sku87,37195.3,1
5/1/2020,Java,sku87,29575.2,1
6/1/2020,Java,sku87,31387.9,1
7/1/2020,Java,sku87,30961,1
8/1/2020,Java,sku87,34741.2,1
9/1/2020,Java,sku87,40192.8,1
10/1/2020,Java,sku87,42904.7,1
11/1/2020,Java,sku87,39494.4,1
12/1/2020,Java,sku87,43485.7,1
1/1/2021,Java,sku87,41984.9,1
2/1/2021,Java,sku87,39146.6,1
3/1/2021,Java,sku87,46099.2,1
4/1/2021,Java,sku87,43190.6,1
5/1/2021,Java,sku87,42523.4,1
6/1/2021,Java,sku87,44299,1
7/1/2021,Java,sku87,40978,1
8/1/2021,Java,sku87,44168.5,1
9/1/2021,Java,sku87,54329.2,1
10/1/2021,Java,sku87,58459.7,1
11/1/2021,Java,sku87,62742.9,1
12/1/2021,Java,sku87,63743.9,1
1/1/2022,Java,sku87,62381.7,1
1/1/2019,Java,sku12,56294.7,0
2/1/2019,Java,sku12,48001.9,0
3/1/2019,Java,sku12,56449.3,0
4/1/2019,Java,sku12,53857.8,0
5/1/2019,Java,sku12,57154.8,0
6/1/2019,Java,sku12,58010.3,0
7/1/2019,Java,sku12,55402.7,0
8/1/2019,Java,sku12,54214.7,0
9/1/2019,Java,sku12,57735.7,0
10/1/2019,Java,sku12,56482.8,0
11/1/2019,Java,sku12,56220.5,0
12/1/2019,Java,sku12,58612.2,0
1/1/2020,Java,sku12,56492.5,0
2/1/2020,Java,sku12,52035.2,0
3/1/2020,Java,sku12,52875.7,0
4/1/2020,Java,sku12,37195.3,1
5/1/2020,Java,sku12,29575.2,1
6/1/2020,Java,sku12,31387.9,1
7/1/2020,Java,sku12,30961,1
8/1/2020,Java,sku12,34690.8,1
9/1/2020,Java,sku12,39468.4,1
10/1/2020,Java,sku12,41633.3,1
11/1/2020,Java,sku12,38324.2,1
12/1/2020,Java,sku12,42746.7,1
1/1/2021,Java,sku12,40870.1,1
2/1/2021,Java,sku12,38853,1
3/1/2021,Java,sku12,46099.2,1
4/1/2021,Java,sku12,43190.6,1
5/1/2021,Java,sku12,42523.4,1
6/1/2021,Java,sku12,44078.3,1
7/1/2021,Java,sku12,40360.1,1
8/1/2021,Java,sku12,43169.8,1
9/1/2021,Java,sku12,53435.1,1
10/1/2021,Java,sku12,57231.3,1
11/1/2021,Java,sku12,61788,1
12/1/2021,Java,sku12,63002.2,1
1/1/2022,Java,sku12,61448.9,1
1/1/2019,Java,sku555,NA,0
2/1/2019,Java,sku555,NA,0
3/1/2019,Java,sku555,NA,0
4/1/2019,Java,sku555,NA,0
5/1/2019,Java,sku555,NA,0
6/1/2019,Java,sku555,NA,0
7/1/2019,Java,sku555,NA,0
8/1/2019,Java,sku555,NA,0
9/1/2019,Java,sku555,NA,0
10/1/2019,Java,sku555,NA,0
11/1/2019,Java,sku555,NA,0
12/1/2019,Java,sku555,NA,0
1/1/2020,Java,sku555,NA,0
2/1/2020,Java,sku555,NA,0
3/1/2020,Java,sku555,NA,0
4/1/2020,Java,sku555,NA,1
5/1/2020,Java,sku555,NA,1
6/1/2020,Java,sku555,NA,1
7/1/2020,Java,sku555,NA,1
8/1/2020,Java,sku555,50.4,1
9/1/2020,Java,sku555,724.3,1
10/1/2020,Java,sku555,1271.3,1
11/1/2020,Java,sku555,1170.2,1
12/1/2020,Java,sku555,738.9,1
1/1/2021,Java,sku555,1114.7,1
2/1/2021,Java,sku555,293.6,1
3/1/2021,Java,sku555,NA,1
4/1/2021,Java,sku555,NA,1
5/1/2021,Java,sku555,NA,1
6/1/2021,Java,sku555,220.7,1
7/1/2021,Java,sku555,617.9,1
8/1/2021,Java,sku555,998.7,1
9/1/2021,Java,sku555,894.1,1
10/1/2021,Java,sku555,1228.4,1
11/1/2021,Java,sku555,954.9,1
12/1/2021,Java,sku555,741.6,1
1/1/2022,Java,sku555,932.8,1
1/1/2019,Java,sku76,93337.4,0
2/1/2019,Java,sku76,78185.2,0
3/1/2019,Java,sku76,86166.7,0
4/1/2019,Java,sku76,86823.8,0
5/1/2019,Java,sku76,90934.6,0
6/1/2019,Java,sku76,93666.9,0
7/1/2019,Java,sku76,89049.6,0
8/1/2019,Java,sku76,90000.6,0
9/1/2019,Java,sku76,91821.3,0
10/1/2019,Java,sku76,110439.7,0
11/1/2019,Java,sku76,116561.3,0
12/1/2019,Java,sku76,126039.3,0
1/1/2020,Java,sku76,123177.5,0
2/1/2020,Java,sku76,112449.6,0
3/1/2020,Java,sku76,115464.7,0
4/1/2020,Java,sku76,84538.3,1
5/1/2020,Java,sku76,64540.4,1
6/1/2020,Java,sku76,74509,1
7/1/2020,Java,sku76,77267.8,1
8/1/2020,Java,sku76,84392,1
9/1/2020,Java,sku76,91454.2,1
10/1/2020,Java,sku76,91652.1,1
11/1/2020,Java,sku76,99632.1,1
12/1/2020,Java,sku76,117387.5,1
1/1/2021,Java,sku76,108137.4,1
2/1/2021,Java,sku76,99541.5,1
3/1/2021,Java,sku76,115443,1
4/1/2021,Java,sku76,119874.3,1
5/1/2021,Java,sku76,125582.6,1
6/1/2021,Java,sku76,131832.1,1
7/1/2021,Java,sku76,104813.3,1
8/1/2021,Java,sku76,113478.1,1
9/1/2021,Java,sku76,137462.4,1
10/1/2021,Java,sku76,139750.5,1
11/1/2021,Java,sku76,136498.3,1
12/1/2021,Java,sku76,148514.7,1
1/1/2022,Java,sku76,143167.1,1
1/1/2019,Java,SKU12354,48830.8,0
2/1/2019,Java,SKU12354,40746.4,0
3/1/2019,Java,SKU12354,45941.6,0
4/1/2019,Java,SKU12354,41967.1,0
5/1/2019,Java,SKU12354,40972.2,0
6/1/2019,Java,SKU12354,41537,0
7/1/2019,Java,SKU12354,42468.4,0
8/1/2019,Java,SKU12354,41950.9,0
9/1/2019,Java,SKU12354,42215,0
10/1/2019,Java,SKU12354,43123.3,0
11/1/2019,Java,SKU12354,42725.6,0
12/1/2019,Java,SKU12354,42959.3,0
1/1/2020,Java,SKU12354,42975.3,0
2/1/2020,Java,SKU12354,39314.3,0
3/1/2020,Java,SKU12354,40259.4,0
4/1/2020,Java,SKU12354,32522.1,1
5/1/2020,Java,SKU12354,26499.9,1
6/1/2020,Java,SKU12354,29060.4,1
7/1/2020,Java,SKU12354,27594.8,1
8/1/2020,Java,SKU12354,28176.3,1
9/1/2020,Java,SKU12354,27760.8,1
10/1/2020,Java,SKU12354,27572.9,1
11/1/2020,Java,SKU12354,33020.2,1
12/1/2020,Java,SKU12354,49580,1
1/1/2021,Java,SKU12354,36260,1
2/1/2021,Java,SKU12354,33038,1
3/1/2021,Java,SKU12354,34851.4,1
4/1/2021,Java,SKU12354,37546.8,1
5/1/2021,Java,SKU12354,40224.3,1
6/1/2021,Java,SKU12354,38380.7,1
7/1/2021,Java,SKU12354,33984.3,1
8/1/2021,Java,SKU12354,34563.5,1
9/1/2021,Java,SKU12354,36995.5,1
10/1/2021,Java,SKU12354,43353.4,1
11/1/2021,Java,SKU12354,44896.7,1
12/1/2021,Java,SKU12354,47819.8,1
1/1/2022,Java,SKU12354,47664.1,1
1/1/2019,Java,SKU12354,24269.2,0
2/1/2019,Java,SKU12354,24593,0
3/1/2019,Java,SKU12354,25845.1,0
4/1/2019,Java,SKU12354,24397,0
5/1/2019,Java,SKU12354,21228,0
6/1/2019,Java,SKU12354,19215.1,0
7/1/2019,Java,SKU12354,21862.6,0
8/1/2019,Java,SKU12354,27493.5,0
9/1/2019,Java,SKU12354,27966.8,0
10/1/2019,Java,SKU12354,32071.8,0
11/1/2019,Java,SKU12354,32491.5,0
12/1/2019,Java,SKU12354,30881.4,0
1/1/2020,Java,SKU12354,26778.3,0
2/1/2020,Java,SKU12354,24636,0
3/1/2020,Java,SKU12354,23376.8,0
4/1/2020,Java,SKU12354,19052.3,1
5/1/2020,Java,SKU12354,16234.6,1
6/1/2020,Java,SKU12354,19022.5,1
7/1/2020,Java,SKU12354,21009.2,1
8/1/2020,Java,SKU12354,23318.8,1
9/1/2020,Java,SKU12354,21563.8,1
10/1/2020,Java,SKU12354,20669.2,1
11/1/2020,Java,SKU12354,20762.4,1
12/1/2020,Java,SKU12354,15346.7,1
1/1/2021,Java,SKU12354,16749.6,1
2/1/2021,Java,SKU12354,18251.4,1
3/1/2021,Java,SKU12354,20315.4,1
4/1/2021,Java,SKU12354,17827.1,1
5/1/2021,Java,SKU12354,15809.6,1
6/1/2021,Java,SKU12354,18263.5,1
7/1/2021,Java,SKU12354,16680.6,1
8/1/2021,Java,SKU12354,17418.2,1
9/1/2021,Java,SKU12354,19657.8,1
10/1/2021,Java,SKU12354,18400.1,1
11/1/2021,Java,SKU12354,21661.2,1
12/1/2021,Java,SKU12354,22697.5,1
1/1/2022,Java,SKU12354,22497.3,1
1/1/2019,Java,SKU12354,17103.3,0
2/1/2019,Java,SKU12354,16585.3,0
3/1/2019,Java,SKU12354,21357.5,0
4/1/2019,Java,SKU12354,20025.8,0
5/1/2019,Java,SKU12354,21816.5,0
6/1/2019,Java,SKU12354,21549.3,0
7/1/2019,Java,SKU12354,18865.7,0
8/1/2019,Java,SKU12354,22935.5,0
9/1/2019,Java,SKU12354,19365.3,0
10/1/2019,Java,SKU12354,20774.8,0
11/1/2019,Java,SKU12354,23018.6,0
12/1/2019,Java,SKU12354,23090.8,0
1/1/2020,Java,SKU12354,20437.5,0
2/1/2020,Java,SKU12354,19963.2,0
3/1/2020,Java,SKU12354,20573.4,0
4/1/2020,Java,SKU12354,13039.5,1
5/1/2020,Java,SKU12354,11115.3,1
6/1/2020,Java,SKU12354,14159.3,1
7/1/2020,Java,SKU12354,13561.7,1
8/1/2020,Java,SKU12354,14268.1,1
9/1/2020,Java,SKU12354,14220.1,1
10/1/2020,Java,SKU12354,15179.6,1
11/1/2020,Java,SKU12354,17843.2,1
12/1/2020,Java,SKU12354,20075.9,1
1/1/2021,Java,SKU12354,20316.5,1
2/1/2021,Java,SKU12354,16502,1
3/1/2021,Java,SKU12354,15916.4,1
4/1/2021,Java,SKU12354,16528.5,1
5/1/2021,Java,SKU12354,20919.4,1
6/1/2021,Java,SKU12354,20747.6,1
7/1/2021,Java,SKU12354,14001.2,1
8/1/2021,Java,SKU12354,13841.7,1
9/1/2021,Java,SKU12354,16540.9,1
10/1/2021,Java,SKU12354,19430.8,1
11/1/2021,Java,SKU12354,21031.7,1
12/1/2021,Java,SKU12354,21545.2,1
1/1/2022,Java,SKU12354,23513.5,1
1/1/2019,Java,sku6543,8457.7,0
2/1/2019,Java,sku6543,8935.1,0
3/1/2019,Java,sku6543,12709.8,0
4/1/2019,Java,sku6543,12032.9,0
5/1/2019,Java,sku6543,12565.9,0
6/1/2019,Java,sku6543,9882.3,0
7/1/2019,Java,sku6543,9529.4,0
8/1/2019,Java,sku6543,10091.5,0
9/1/2019,Java,sku6543,10007.6,0
10/1/2019,Java,sku6543,9327.5,0
11/1/2019,Java,sku6543,8292.9,0
12/1/2019,Java,sku6543,10721.6,0
1/1/2020,Java,sku6543,11391.6,0
2/1/2020,Java,sku6543,11302.1,0
3/1/2020,Java,sku6543,11382,0
4/1/2020,Java,sku6543,10951.6,1
5/1/2020,Java,sku6543,8198.7,1
6/1/2020,Java,sku6543,8447.7,1
7/1/2020,Java,sku6543,8781,1
8/1/2020,Java,sku6543,7379.9,1
9/1/2020,Java,sku6543,8921.1,1
10/1/2020,Java,sku6543,7975.9,1
11/1/2020,Java,sku6543,9263.7,1
12/1/2020,Java,sku6543,8869.6,1
1/1/2021,Java,sku6543,9705.5,1
2/1/2021,Java,sku6543,8256.2,1
3/1/2021,Java,sku6543,8429.8,1
4/1/2021,Java,sku6543,7482.5,1
5/1/2021,Java,sku6543,8900.4,1
6/1/2021,Java,sku6543,9947.5,1
7/1/2021,Java,sku6543,8160.5,1
8/1/2021,Java,sku6543,10444.8,1
9/1/2021,Java,sku6543,14919.3,1
10/1/2021,Java,sku6543,15331.2,1
11/1/2021,Java,sku6543,13061,1
12/1/2021,Java,sku6543,11894.2,1
1/1/2022,Java,sku6543,12961.7,1
1/1/2019,Java,sku43,17108.2,0
2/1/2019,Java,sku43,16049.6,0
3/1/2019,Java,sku43,17338.1,0
4/1/2019,Java,sku43,15329.7,0
5/1/2019,Java,sku43,15357.2,0
6/1/2019,Java,sku43,14238.9,0
7/1/2019,Java,sku43,15433.8,0
8/1/2019,Java,sku43,12744.2,0
9/1/2019,Java,sku43,12818.9,0
10/1/2019,Java,sku43,18365.9,0
11/1/2019,Java,sku43,17594.1,0
12/1/2019,Java,sku43,18429,0
1/1/2020,Java,sku43,17464.4,0
2/1/2020,Java,sku43,17362.8,0
3/1/2020,Java,sku43,14579.1,0
4/1/2020,Java,sku43,12548.1,1
5/1/2020,Java,sku43,10023.6,1
6/1/2020,Java,sku43,10750.5,1
7/1/2020,Java,sku43,10341.1,1
8/1/2020,Java,sku43,11664.2,1
9/1/2020,Java,sku43,10650,1
10/1/2020,Java,sku43,9129.7,1
11/1/2020,Java,sku43,10844.9,1
12/1/2020,Java,sku43,11301.2,1
1/1/2021,Java,sku43,10712.5,1
2/1/2021,Java,sku43,10070.4,1
3/1/2021,Java,sku43,11144.5,1
4/1/2021,Java,sku43,11646.5,1
5/1/2021,Java,sku43,12440.4,1
6/1/2021,Java,sku43,13299,1
7/1/2021,Java,sku43,11944.4,1
8/1/2021,Java,sku43,11783.8,1
9/1/2021,Java,sku43,13536.2,1
10/1/2021,Java,sku43,14006.3,1
11/1/2021,Java,sku43,14136.3,1
12/1/2021,Java,sku43,11436.8,1
1/1/2022,Java,sku43,12732.7,1
1/1/2019,Java,sku788,20779.9,0
2/1/2019,Java,sku788,16250.4,0
3/1/2019,Java,sku788,18402.4,0
4/1/2019,Java,sku788,19356,0
5/1/2019,Java,sku788,21774.8,0
6/1/2019,Java,sku788,24161.9,0
7/1/2019,Java,sku788,23023.9,0
8/1/2019,Java,sku788,20853.7,0
9/1/2019,Java,sku788,19476.7,0
10/1/2019,Java,sku788,22259.1,0
11/1/2019,Java,sku788,22655.7,0
12/1/2019,Java,sku788,24058.7,0
1/1/2020,Java,sku788,21637.1,0
2/1/2020,Java,sku788,18443.8,0
3/1/2020,Java,sku788,19685,0
4/1/2020,Java,sku788,13084.9,1
5/1/2020,Java,sku788,9244.9,1
6/1/2020,Java,sku788,11210.9,1
7/1/2020,Java,sku788,10911.1,1
8/1/2020,Java,sku788,10732.9,1
9/1/2020,Java,sku788,11191.8,1
10/1/2020,Java,sku788,10261,1
11/1/2020,Java,sku788,12640.1,1
12/1/2020,Java,sku788,13092.6,1
1/1/2021,Java,sku788,12875.8,1
2/1/2021,Java,sku788,11043,1
3/1/2021,Java,sku788,13135.2,1
4/1/2021,Java,sku788,14347,1
5/1/2021,Java,sku788,15924.2,1
6/1/2021,Java,sku788,17362.3,1
7/1/2021,Java,sku788,12479.5,1
8/1/2021,Java,sku788,13533.4,1
9/1/2021,Java,sku788,16951.5,1
10/1/2021,Java,sku788,16767,1
11/1/2021,Java,sku788,16486.8,1
12/1/2021,Java,sku788,16088.8,1
1/1/2022,Java,sku788,16549.5,1
1/1/2019,Java,sku6544,11032.4,0
2/1/2019,Java,sku6544,8611.9,0
3/1/2019,Java,sku6544,10690.7,0
4/1/2019,Java,sku6544,10119.2,0
5/1/2019,Java,sku6544,10443.1,0
6/1/2019,Java,sku6544,11300,0
7/1/2019,Java,sku6544,11269,0
8/1/2019,Java,sku6544,10645.5,0
9/1/2019,Java,sku6544,11740,0
10/1/2019,Java,sku6544,12524.5,0
11/1/2019,Java,sku6544,12468.8,0
12/1/2019,Java,sku6544,12741.5,0
1/1/2020,Java,sku6544,9353.9,0
2/1/2020,Java,sku6544,7986.9,0
3/1/2020,Java,sku6544,7969.6,0
4/1/2020,Java,sku6544,4978,1
5/1/2020,Java,sku6544,3238.5,1
6/1/2020,Java,sku6544,4364,1
7/1/2020,Java,sku6544,4967,1
8/1/2020,Java,sku6544,5576.8,1
9/1/2020,Java,sku6544,5642,1
10/1/2020,Java,sku6544,5243.9,1
11/1/2020,Java,sku6544,6322.5,1
12/1/2020,Java,sku6544,6061,1
1/1/2021,Java,sku6544,5562.7,1
2/1/2021,Java,sku6544,5463.5,1
3/1/2021,Java,sku6544,5719.8,1
4/1/2021,Java,sku6544,7085.5,1
5/1/2021,Java,sku6544,7039.9,1
6/1/2021,Java,sku6544,8303.1,1
7/1/2021,Java,sku6544,7619.7,1
8/1/2021,Java,sku6544,9944.5,1
9/1/2021,Java,sku6544,10283.5,1
10/1/2021,Java,sku6544,13166.7,1
11/1/2021,Java,sku6544,12527.2,1
12/1/2021,Java,sku6544,11181.1,1
1/1/2022,Java,sku6544,12054.3,1
1/1/2019,Jakarta,sku 141,376635.1,0
2/1/2019,Jakarta,sku 141,324145.6,0
3/1/2019,Jakarta,sku 141,379915.7,0
4/1/2019,Jakarta,sku 141,384980.8,0
5/1/2019,Jakarta,sku 141,385541,0
6/1/2019,Jakarta,sku 141,397077,0
7/1/2019,Jakarta,sku 141,428311.4,0
8/1/2019,Jakarta,sku 141,420341.3,0
9/1/2019,Jakarta,sku 141,411629.4,0
10/1/2019,Jakarta,sku 141,470238.6,0
11/1/2019,Jakarta,sku 141,458569.3,0
12/1/2019,Jakarta,sku 141,455194.2,0
1/1/2020,Jakarta,sku 141,426821.5,0
2/1/2020,Jakarta,sku 141,396554.7,0
3/1/2020,Jakarta,sku 141,412895.9,0
4/1/2020,Jakarta,sku 141,309410.7,1
5/1/2020,Jakarta,sku 141,238293.5,1
6/1/2020,Jakarta,sku 141,275964.9,1
7/1/2020,Jakarta,sku 141,298994.8,1
8/1/2020,Jakarta,sku 141,331681.8,1
9/1/2020,Jakarta,sku 141,334300.5,1
10/1/2020,Jakarta,sku 141,325367,1
11/1/2020,Jakarta,sku 141,338798.1,1
12/1/2020,Jakarta,sku 141,336453.5,1
1/1/2021,Jakarta,sku 141,322356.9,1
2/1/2021,Jakarta,sku 141,289490.8,1
3/1/2021,Jakarta,sku 141,327470.9,1
4/1/2021,Jakarta,sku 141,309653.9,1
5/1/2021,Jakarta,sku 141,320796.8,1
6/1/2021,Jakarta,sku 141,340361.3,1
7/1/2021,Jakarta,sku 141,299542.6,1
8/1/2021,Jakarta,sku 141,312605.1,1
9/1/2021,Jakarta,sku 141,352633,1
10/1/2021,Jakarta,sku 141,361826.6,1
11/1/2021,Jakarta,sku 141,371506.3,1
12/1/2021,Jakarta,sku 141,375044.4,1
1/1/2022,Jakarta,sku 141,381614.8,1
1/1/2019,Jakarta,sku 341,167496,0
2/1/2019,Jakarta,sku 341,136982.3,0
3/1/2019,Jakarta,sku 341,164861.8,0
4/1/2019,Jakarta,sku 341,173337.8,0
5/1/2019,Jakarta,sku 341,178241.2,0
6/1/2019,Jakarta,sku 341,184627.4,0
7/1/2019,Jakarta,sku 341,206250.9,0
8/1/2019,Jakarta,sku 341,198043.5,0
9/1/2019,Jakarta,sku 341,189100.9,0
10/1/2019,Jakarta,sku 341,220773.9,0
11/1/2019,Jakarta,sku 341,205369.4,0
12/1/2019,Jakarta,sku 341,206284.3,0
1/1/2020,Jakarta,sku 341,191170.2,0
2/1/2020,Jakarta,sku 341,176088.4,0
3/1/2020,Jakarta,sku 341,183060.5,0
4/1/2020,Jakarta,sku 341,139599.2,1
5/1/2020,Jakarta,sku 341,102892.8,1
6/1/2020,Jakarta,sku 341,119800.3,1
7/1/2020,Jakarta,sku 341,137531.9,1
8/1/2020,Jakarta,sku 341,157406.7,1
9/1/2020,Jakarta,sku 341,159326.5,1
10/1/2020,Jakarta,sku 341,153505.7,1
11/1/2020,Jakarta,sku 341,163939.2,1
12/1/2020,Jakarta,sku 341,165397,1
1/1/2021,Jakarta,sku 341,153004.1,1
2/1/2021,Jakarta,sku 341,135190.1,1
3/1/2021,Jakarta,sku 341,153387.6,1
4/1/2021,Jakarta,sku 341,142172.5,1
5/1/2021,Jakarta,sku 341,148084.4,1
6/1/2021,Jakarta,sku 341,158585.9,1
7/1/2021,Jakarta,sku 341,142112.7,1
8/1/2021,Jakarta,sku 341,140668.7,1
9/1/2021,Jakarta,sku 341,153690.7,1
10/1/2021,Jakarta,sku 341,157817.1,1
11/1/2021,Jakarta,sku 341,167505.7,1
12/1/2021,Jakarta,sku 341,168456.7,1
1/1/2022,Jakarta,sku 341,177101.7,1
1/1/2019,Jakarta,sku87,33161.4,0
2/1/2019,Jakarta,sku87,29520.1,0
3/1/2019,Jakarta,sku87,35127.6,0
4/1/2019,Jakarta,sku87,30792.5,0
5/1/2019,Jakarta,sku87,33221.6,0
6/1/2019,Jakarta,sku87,30396.2,0
7/1/2019,Jakarta,sku87,31851.7,0
8/1/2019,Jakarta,sku87,31437.8,0
9/1/2019,Jakarta,sku87,31958.7,0
10/1/2019,Jakarta,sku87,31074,0
11/1/2019,Jakarta,sku87,30255.6,0
12/1/2019,Jakarta,sku87,30340.8,0
1/1/2020,Jakarta,sku87,30595.6,0
2/1/2020,Jakarta,sku87,29065.3,0
3/1/2020,Jakarta,sku87,30768.3,0
4/1/2020,Jakarta,sku87,21246.3,1
5/1/2020,Jakarta,sku87,16375.5,1
6/1/2020,Jakarta,sku87,17852.3,1
7/1/2020,Jakarta,sku87,16854.5,1
8/1/2020,Jakarta,sku87,19990.9,1
9/1/2020,Jakarta,sku87,22404.6,1
10/1/2020,Jakarta,sku87,22902.6,1
11/1/2020,Jakarta,sku87,21110.9,1
12/1/2020,Jakarta,sku87,21431.5,1
1/1/2021,Jakarta,sku87,21671.9,1
2/1/2021,Jakarta,sku87,18936.6,1
3/1/2021,Jakarta,sku87,24493.1,1
4/1/2021,Jakarta,sku87,22415.7,1
5/1/2021,Jakarta,sku87,23121,1
6/1/2021,Jakarta,sku87,23003.2,1
7/1/2021,Jakarta,sku87,21295.8,1
8/1/2021,Jakarta,sku87,25138,1
9/1/2021,Jakarta,sku87,31667.2,1
10/1/2021,Jakarta,sku87,34188.6,1
11/1/2021,Jakarta,sku87,37739.9,1
12/1/2021,Jakarta,sku87,38127.4,1
1/1/2022,Jakarta,sku87,37271.3,1
1/1/2019,Jakarta,sku12,33161.4,0
2/1/2019,Jakarta,sku12,29520.1,0
3/1/2019,Jakarta,sku12,35127.6,0
4/1/2019,Jakarta,sku12,30792.5,0
5/1/2019,Jakarta,sku12,33221.6,0
6/1/2019,Jakarta,sku12,30396.2,0
7/1/2019,Jakarta,sku12,31851.7,0
8/1/2019,Jakarta,sku12,31437.8,0
9/1/2019,Jakarta,sku12,31958.7,0
10/1/2019,Jakarta,sku12,31074,0
11/1/2019,Jakarta,sku12,30255.6,0
12/1/2019,Jakarta,sku12,30340.8,0
1/1/2020,Jakarta,sku12,30595.6,0
2/1/2020,Jakarta,sku12,29065.3,0
3/1/2020,Jakarta,sku12,30768.3,0
4/1/2020,Jakarta,sku12,21246.3,1
5/1/2020,Jakarta,sku12,16375.5,1
6/1/2020,Jakarta,sku12,17852.3,1
7/1/2020,Jakarta,sku12,16854.5,1
8/1/2020,Jakarta,sku12,19969.8,1
9/1/2020,Jakarta,sku12,22072.9,1
10/1/2020,Jakarta,sku12,22334.6,1
11/1/2020,Jakarta,sku12,20604.3,1
12/1/2020,Jakarta,sku12,21093.4,1
1/1/2021,Jakarta,sku12,21193.1,1
2/1/2021,Jakarta,sku12,18828.7,1
3/1/2021,Jakarta,sku12,24493.1,1
4/1/2021,Jakarta,sku12,22415.7,1
5/1/2021,Jakarta,sku12,23121,1
6/1/2021,Jakarta,sku12,22914.4,1
7/1/2021,Jakarta,sku12,21024.1,1
8/1/2021,Jakarta,sku12,24686.1,1
9/1/2021,Jakarta,sku12,31196.4,1
10/1/2021,Jakarta,sku12,33614.9,1
11/1/2021,Jakarta,sku12,37338.4,1
12/1/2021,Jakarta,sku12,37802.4,1
1/1/2022,Jakarta,sku12,36865.1,1
1/1/2019,Jakarta,sku555,NA,0
2/1/2019,Jakarta,sku555,NA,0
3/1/2019,Jakarta,sku555,NA,0
4/1/2019,Jakarta,sku555,NA,0
5/1/2019,Jakarta,sku555,NA,0
6/1/2019,Jakarta,sku555,NA,0
7/1/2019,Jakarta,sku555,NA,0
8/1/2019,Jakarta,sku555,NA,0
9/1/2019,Jakarta,sku555,NA,0
10/1/2019,Jakarta,sku555,NA,0
11/1/2019,Jakarta,sku555,NA,0
12/1/2019,Jakarta,sku555,NA,0
1/1/2020,Jakarta,sku555,NA,0
2/1/2020,Jakarta,sku555,NA,0
3/1/2020,Jakarta,sku555,NA,0
4/1/2020,Jakarta,sku555,NA,1
5/1/2020,Jakarta,sku555,NA,1
6/1/2020,Jakarta,sku555,NA,1
7/1/2020,Jakarta,sku555,NA,1
8/1/2020,Jakarta,sku555,21,1
9/1/2020,Jakarta,sku555,331.7,1
10/1/2020,Jakarta,sku555,568.1,1
11/1/2020,Jakarta,sku555,506.7,1
12/1/2020,Jakarta,sku555,338,1
1/1/2021,Jakarta,sku555,478.8,1
2/1/2021,Jakarta,sku555,107.9,1
3/1/2021,Jakarta,sku555,NA,1
4/1/2021,Jakarta,sku555,NA,1
5/1/2021,Jakarta,sku555,NA,1
6/1/2021,Jakarta,sku555,88.7,1
7/1/2021,Jakarta,sku555,271.7,1
8/1/2021,Jakarta,sku555,451.9,1
9/1/2021,Jakarta,sku555,470.8,1
10/1/2021,Jakarta,sku555,573.7,1
11/1/2021,Jakarta,sku555,401.5,1
12/1/2021,Jakarta,sku555,325.1,1
1/1/2022,Jakarta,sku555,406.2,1
1/1/2019,Jakarta,sku76,30456.2,0
2/1/2019,Jakarta,sku76,25512.5,0
3/1/2019,Jakarta,sku76,29722,0
4/1/2019,Jakarta,sku76,30164.2,0
5/1/2019,Jakarta,sku76,29988.6,0
6/1/2019,Jakarta,sku76,32764.1,0
7/1/2019,Jakarta,sku76,30038.3,0
8/1/2019,Jakarta,sku76,30711.2,0
9/1/2019,Jakarta,sku76,30170.4,0
10/1/2019,Jakarta,sku76,36429.9,0
11/1/2019,Jakarta,sku76,38050.6,0
12/1/2019,Jakarta,sku76,39634.7,0
1/1/2020,Jakarta,sku76,36698.8,0
2/1/2020,Jakarta,sku76,32931.1,0
3/1/2020,Jakarta,sku76,33968.8,0
4/1/2020,Jakarta,sku76,21841.7,1
5/1/2020,Jakarta,sku76,18002.6,1
6/1/2020,Jakarta,sku76,22543.9,1
7/1/2020,Jakarta,sku76,24058.3,1
8/1/2020,Jakarta,sku76,27067.2,1
9/1/2020,Jakarta,sku76,27269.3,1
10/1/2020,Jakarta,sku76,26532,1
11/1/2020,Jakarta,sku76,28085.8,1
12/1/2020,Jakarta,sku76,32266.1,1
1/1/2021,Jakarta,sku76,30254.4,1
2/1/2021,Jakarta,sku76,28633.3,1
3/1/2021,Jakarta,sku76,32228.7,1
4/1/2021,Jakarta,sku76,31983.5,1
5/1/2021,Jakarta,sku76,33064.7,1
6/1/2021,Jakarta,sku76,32785.7,1
7/1/2021,Jakarta,sku76,24426.5,1
8/1/2021,Jakarta,sku76,27857.2,1
9/1/2021,Jakarta,sku76,36117.5,1
10/1/2021,Jakarta,sku76,35571.6,1
11/1/2021,Jakarta,sku76,34067.5,1
12/1/2021,Jakarta,sku76,39943.1,1
1/1/2022,Jakarta,sku76,38167.4,1
1/1/2019,Jakarta,SKU12354,22322,0
2/1/2019,Jakarta,SKU12354,22659,0
3/1/2019,Jakarta,SKU12354,24539.7,0
4/1/2019,Jakarta,SKU12354,23217.2,0
5/1/2019,Jakarta,SKU12354,20311.8,0
6/1/2019,Jakarta,SKU12354,18242.3,0
7/1/2019,Jakarta,SKU12354,21146.8,0
8/1/2019,Jakarta,SKU12354,27057.4,0
9/1/2019,Jakarta,SKU12354,27739.5,0
10/1/2019,Jakarta,SKU12354,31798.1,0
11/1/2019,Jakarta,SKU12354,32225.8,0
12/1/2019,Jakarta,SKU12354,30778.1,0
1/1/2020,Jakarta,SKU12354,26378.3,0
2/1/2020,Jakarta,SKU12354,24042.7,0
3/1/2020,Jakarta,SKU12354,22272.4,0
4/1/2020,Jakarta,SKU12354,18222.4,1
5/1/2020,Jakarta,SKU12354,16137.2,1
6/1/2020,Jakarta,SKU12354,18883,1
7/1/2020,Jakarta,SKU12354,19518.2,1
8/1/2020,Jakarta,SKU12354,21913.3,1
9/1/2020,Jakarta,SKU12354,20155.8,1
10/1/2020,Jakarta,SKU12354,20598.6,1
11/1/2020,Jakarta,SKU12354,20698.6,1
12/1/2020,Jakarta,SKU12354,15075.4,1
1/1/2021,Jakarta,SKU12354,16597.5,1
2/1/2021,Jakarta,SKU12354,17476.7,1
3/1/2021,Jakarta,SKU12354,20220.6,1
4/1/2021,Jakarta,SKU12354,17720.3,1
5/1/2021,Jakarta,SKU12354,15719.5,1
6/1/2021,Jakarta,SKU12354,18135.8,1
7/1/2021,Jakarta,SKU12354,16514,1
8/1/2021,Jakarta,SKU12354,17374,1
9/1/2021,Jakarta,SKU12354,18992,1
10/1/2021,Jakarta,SKU12354,18026.3,1
11/1/2021,Jakarta,SKU12354,21358.9,1
12/1/2021,Jakarta,SKU12354,22484.1,1
1/1/2022,Jakarta,SKU12354,22281.1,1
1/1/2019,Jakarta,SKU12354,12345.8,0
2/1/2019,Jakarta,SKU12354,11271.8,0
3/1/2019,Jakarta,SKU12354,12227.2,0
4/1/2019,Jakarta,SKU12354,11798.2,0
5/1/2019,Jakarta,SKU12354,12305.8,0
6/1/2019,Jakarta,SKU12354,11505.5,0
7/1/2019,Jakarta,SKU12354,12543.7,0
8/1/2019,Jakarta,SKU12354,10684.1,0
9/1/2019,Jakarta,SKU12354,10217.6,0
10/1/2019,Jakarta,SKU12354,14350.8,0
11/1/2019,Jakarta,SKU12354,14473.6,0
12/1/2019,Jakarta,SKU12354,14949.3,0
1/1/2020,Jakarta,SKU12354,14769.2,0
2/1/2020,Jakarta,SKU12354,15385.9,0
3/1/2020,Jakarta,SKU12354,13520.8,0
4/1/2020,Jakarta,SKU12354,12018,1
5/1/2020,Jakarta,SKU12354,9308.1,1
6/1/2020,Jakarta,SKU12354,9866.5,1
7/1/2020,Jakarta,SKU12354,9342.8,1
8/1/2020,Jakarta,SKU12354,10550.6,1
9/1/2020,Jakarta,SKU12354,9765.1,1
10/1/2020,Jakarta,SKU12354,7541.2,1
11/1/2020,Jakarta,SKU12354,9369.5,1
12/1/2020,Jakarta,SKU12354,9649.4,1
1/1/2021,Jakarta,SKU12354,9408.2,1
2/1/2021,Jakarta,SKU12354,8706,1
3/1/2021,Jakarta,SKU12354,9244.4,1
4/1/2021,Jakarta,SKU12354,9469.7,1
5/1/2021,Jakarta,SKU12354,10229.2,1
6/1/2021,Jakarta,SKU12354,11312,1
7/1/2021,Jakarta,SKU12354,9967.5,1
8/1/2021,Jakarta,SKU12354,10609.8,1
9/1/2021,Jakarta,SKU12354,12233.2,1
10/1/2021,Jakarta,SKU12354,11848.7,1
11/1/2021,Jakarta,SKU12354,12432.5,1
12/1/2021,Jakarta,SKU12354,9645.9,1
1/1/2022,Jakarta,SKU12354,11104.2,1
1/1/2019,Jakarta,SKU12354,3673.8,0
2/1/2019,Jakarta,SKU12354,3850.4,0
3/1/2019,Jakarta,SKU12354,5839.6,0
4/1/2019,Jakarta,SKU12354,5992.7,0
5/1/2019,Jakarta,SKU12354,5879,0
6/1/2019,Jakarta,SKU12354,5152.5,0
7/1/2019,Jakarta,SKU12354,5891.5,0
8/1/2019,Jakarta,SKU12354,6142.4,0
9/1/2019,Jakarta,SKU12354,6419.8,0
10/1/2019,Jakarta,SKU12354,6229,0
11/1/2019,Jakarta,SKU12354,5619.8,0
12/1/2019,Jakarta,SKU12354,6404.1,0
1/1/2020,Jakarta,SKU12354,6932.1,0
2/1/2020,Jakarta,SKU12354,6829.8,0
3/1/2020,Jakarta,SKU12354,6449.8,0
4/1/2020,Jakarta,SKU12354,7505.8,1
5/1/2020,Jakarta,SKU12354,5299.2,1
6/1/2020,Jakarta,SKU12354,5513.1,1
7/1/2020,Jakarta,SKU12354,5923.3,1
8/1/2020,Jakarta,SKU12354,4849.6,1
9/1/2020,Jakarta,SKU12354,6361.5,1
10/1/2020,Jakarta,SKU12354,4536.4,1
11/1/2020,Jakarta,SKU12354,5552,1
12/1/2020,Jakarta,SKU12354,5369.8,1
1/1/2021,Jakarta,SKU12354,5181,1
2/1/2021,Jakarta,SKU12354,4360.2,1
3/1/2021,Jakarta,SKU12354,4581.2,1
4/1/2021,Jakarta,SKU12354,4603.6,1
5/1/2021,Jakarta,SKU12354,5273.7,1
6/1/2021,Jakarta,SKU12354,5776.5,1
7/1/2021,Jakarta,SKU12354,3785.6,1
8/1/2021,Jakarta,SKU12354,6368.3,1
9/1/2021,Jakarta,SKU12354,9329.1,1
10/1/2021,Jakarta,SKU12354,7793,1
11/1/2021,Jakarta,SKU12354,6283.2,1
12/1/2021,Jakarta,SKU12354,6312.2,1
1/1/2022,Jakarta,SKU12354,6635.8,1
1/1/2019,Jakarta,sku6543,4845.9,0
2/1/2019,Jakarta,sku6543,4594.6,0
3/1/2019,Jakarta,sku6543,4841.9,0
4/1/2019,Jakarta,sku6543,7486,0
5/1/2019,Jakarta,sku6543,7561.8,0
6/1/2019,Jakarta,sku6543,6260.3,0
7/1/2019,Jakarta,sku6543,9207.6,0
8/1/2019,Jakarta,sku6543,8836.2,0
9/1/2019,Jakarta,sku6543,9127.1,0
10/1/2019,Jakarta,sku6543,11392.5,0
11/1/2019,Jakarta,sku6543,13956.1,0
12/1/2019,Jakarta,sku6543,13871.7,0
1/1/2020,Jakarta,sku6543,11610.7,0
2/1/2020,Jakarta,sku6543,12576.6,0
3/1/2020,Jakarta,sku6543,14581.5,0
4/1/2020,Jakarta,sku6543,9381.3,1
5/1/2020,Jakarta,sku6543,7745.4,1
6/1/2020,Jakarta,sku6543,10504.4,1
7/1/2020,Jakarta,sku6543,12424,1
8/1/2020,Jakarta,sku6543,10205.8,1
9/1/2020,Jakarta,sku6543,12109.3,1
10/1/2020,Jakarta,sku6543,14495,1
11/1/2020,Jakarta,sku6543,12094.1,1
12/1/2020,Jakarta,sku6543,10428.2,1
1/1/2021,Jakarta,sku6543,12675.1,1
2/1/2021,Jakarta,sku6543,12301.9,1
3/1/2021,Jakarta,sku6543,12919,1
4/1/2021,Jakarta,sku6543,13026.8,1
5/1/2021,Jakarta,sku6543,12885.8,1
6/1/2021,Jakarta,sku6543,14554.5,1
7/1/2021,Jakarta,sku6543,16082.9,1
8/1/2021,Jakarta,sku6543,15944.1,1
9/1/2021,Jakarta,sku6543,16261.3,1
10/1/2021,Jakarta,sku6543,12985,1
11/1/2021,Jakarta,sku6543,10033.6,1
12/1/2021,Jakarta,sku6543,6128.9,1
1/1/2022,Jakarta,sku6543,6893.7,1
1/1/2019,Jakarta,sku43,8477.5,0
2/1/2019,Jakarta,sku43,6550.2,0
3/1/2019,Jakarta,sku43,7744,0
4/1/2019,Jakarta,sku43,7334.9,0
5/1/2019,Jakarta,sku43,5820.4,0
6/1/2019,Jakarta,sku43,5778.6,0
7/1/2019,Jakarta,sku43,7562,0
8/1/2019,Jakarta,sku43,7706.1,0
9/1/2019,Jakarta,sku43,7637.3,0
10/1/2019,Jakarta,sku43,8348.9,0
11/1/2019,Jakarta,sku43,7667.1,0
12/1/2019,Jakarta,sku43,7917.1,0
1/1/2020,Jakarta,sku43,8258.9,0
2/1/2020,Jakarta,sku43,6710.5,0
3/1/2020,Jakarta,sku43,6974.6,0
4/1/2020,Jakarta,sku43,7353.9,1
5/1/2020,Jakarta,sku43,5321.7,1
6/1/2020,Jakarta,sku43,5599,1
7/1/2020,Jakarta,sku43,6721.1,1
8/1/2020,Jakarta,sku43,6484.5,1
9/1/2020,Jakarta,sku43,6717.6,1
10/1/2020,Jakarta,sku43,5577.5,1
11/1/2020,Jakarta,sku43,5258,1
12/1/2020,Jakarta,sku43,4647.3,1
1/1/2021,Jakarta,sku43,5166.2,1
2/1/2021,Jakarta,sku43,4431.7,1
3/1/2021,Jakarta,sku43,5630.8,1
4/1/2021,Jakarta,sku43,5162.3,1
5/1/2021,Jakarta,sku43,5933.8,1
6/1/2021,Jakarta,sku43,6078.3,1
7/1/2021,Jakarta,sku43,6111.3,1
8/1/2021,Jakarta,sku43,7169.4,1
9/1/2021,Jakarta,sku43,6968.9,1
10/1/2021,Jakarta,sku43,7327.9,1
11/1/2021,Jakarta,sku43,8771,1
12/1/2021,Jakarta,sku43,9162.1,1
1/1/2022,Jakarta,sku43,8810.1,1
1/1/2019,Jakarta,sku788,10333.1,0
2/1/2019,Jakarta,sku788,8460,0
3/1/2019,Jakarta,sku788,10566.3,0
4/1/2019,Jakarta,sku788,11264.7,0
5/1/2019,Jakarta,sku788,10678.3,0
6/1/2019,Jakarta,sku788,11914.3,0
7/1/2019,Jakarta,sku788,12012.7,0
8/1/2019,Jakarta,sku788,10841.4,0
9/1/2019,Jakarta,sku788,10674.1,0
10/1/2019,Jakarta,sku788,10964.5,0
11/1/2019,Jakarta,sku788,11078,0
12/1/2019,Jakarta,sku788,10891.4,0
1/1/2020,Jakarta,sku788,10264.2,0
2/1/2020,Jakarta,sku788,9308.3,0
3/1/2020,Jakarta,sku788,10427,0
4/1/2020,Jakarta,sku788,7079.6,1
5/1/2020,Jakarta,sku788,6341.3,1
6/1/2020,Jakarta,sku788,7179.6,1
7/1/2020,Jakarta,sku788,8063.4,1
8/1/2020,Jakarta,sku788,8210.6,1
9/1/2020,Jakarta,sku788,8497.6,1
10/1/2020,Jakarta,sku788,8420.4,1
11/1/2020,Jakarta,sku788,7953.4,1
12/1/2020,Jakarta,sku788,8012.9,1
1/1/2021,Jakarta,sku788,7071.9,1
2/1/2021,Jakarta,sku788,5770.4,1
3/1/2021,Jakarta,sku788,6785.6,1
4/1/2021,Jakarta,sku788,7355,1
5/1/2021,Jakarta,sku788,7381.8,1
6/1/2021,Jakarta,sku788,8079.8,1
7/1/2021,Jakarta,sku788,7129.5,1
8/1/2021,Jakarta,sku788,7348.5,1
9/1/2021,Jakarta,sku788,6883.5,1
10/1/2021,Jakarta,sku788,7839.2,1
11/1/2021,Jakarta,sku788,7412.7,1
12/1/2021,Jakarta,sku788,7913.2,1
1/1/2022,Jakarta,sku788,7547.1,1
1/1/2019,Jakarta,sku6544,9356.8,0
2/1/2019,Jakarta,sku6544,7761.6,0
3/1/2019,Jakarta,sku6544,8392.9,0
4/1/2019,Jakarta,sku6544,9792.8,0
5/1/2019,Jakarta,sku6544,10251.4,0
6/1/2019,Jakarta,sku6544,10510.9,0
7/1/2019,Jakarta,sku6544,10622.5,0
8/1/2019,Jakarta,sku6544,9951.8,0
9/1/2019,Jakarta,sku6544,8914.7,0
10/1/2019,Jakarta,sku6544,10254.9,0
11/1/2019,Jakarta,sku6544,10218.2,0
12/1/2019,Jakarta,sku6544,10139,0
1/1/2020,Jakarta,sku6544,9952.9,0
2/1/2020,Jakarta,sku6544,8519,0
3/1/2020,Jakarta,sku6544,9546.8,0
4/1/2020,Jakarta,sku6544,6668.2,1
5/1/2020,Jakarta,sku6544,4246.4,1
6/1/2020,Jakarta,sku6544,5385.5,1
7/1/2020,Jakarta,sku6544,4915.3,1
8/1/2020,Jakarta,sku6544,4845.4,1
9/1/2020,Jakarta,sku6544,4672.4,1
10/1/2020,Jakarta,sku6544,4349.9,1
11/1/2020,Jakarta,sku6544,4903.1,1
12/1/2020,Jakarta,sku6544,5331.3,1
1/1/2021,Jakarta,sku6544,4554.7,1
2/1/2021,Jakarta,sku6544,4354.6,1
3/1/2021,Jakarta,sku6544,4890.1,1
4/1/2021,Jakarta,sku6544,5206.8,1
5/1/2021,Jakarta,sku6544,5983.7,1
6/1/2021,Jakarta,sku6544,5953,1
7/1/2021,Jakarta,sku6544,4168.5,1
8/1/2021,Jakarta,sku6544,5321.9,1
9/1/2021,Jakarta,sku6544,6036.4,1
10/1/2021,Jakarta,sku6544,6338.1,1
11/1/2021,Jakarta,sku6544,6930,1
12/1/2021,Jakarta,sku6544,6929.8,1
1/1/2022,Jakarta,sku6544,6425.3,1
1/1/2019,Sumatera,sku 141,253622.5,0
2/1/2019,Sumatera,sku 141,212761.2,0
3/1/2019,Sumatera,sku 141,242900.8,0
4/1/2019,Sumatera,sku 141,242695.2,0
5/1/2019,Sumatera,sku 141,245835,0
6/1/2019,Sumatera,sku 141,254786.2,0
7/1/2019,Sumatera,sku 141,261458.5,0
8/1/2019,Sumatera,sku 141,250009.9,0
9/1/2019,Sumatera,sku 141,238145.3,0
10/1/2019,Sumatera,sku 141,236716.5,0
11/1/2019,Sumatera,sku 141,236305.1,0
12/1/2019,Sumatera,sku 141,231176.2,0
1/1/2020,Sumatera,sku 141,247088,0
2/1/2020,Sumatera,sku 141,225001.9,0
3/1/2020,Sumatera,sku 141,239916.1,0
4/1/2020,Sumatera,sku 141,212478.7,1
5/1/2020,Sumatera,sku 141,167534,1
6/1/2020,Sumatera,sku 141,193241.4,1
7/1/2020,Sumatera,sku 141,189636.6,1
8/1/2020,Sumatera,sku 141,215477.7,1
9/1/2020,Sumatera,sku 141,209604,1
10/1/2020,Sumatera,sku 141,203470.1,1
11/1/2020,Sumatera,sku 141,212237.7,1
12/1/2020,Sumatera,sku 141,227307.9,1
1/1/2021,Sumatera,sku 141,228599.2,1
2/1/2021,Sumatera,sku 141,212533.7,1
3/1/2021,Sumatera,sku 141,233412.6,1
4/1/2021,Sumatera,sku 141,226168.1,1
5/1/2021,Sumatera,sku 141,224793.6,1
6/1/2021,Sumatera,sku 141,243097.4,1
7/1/2021,Sumatera,sku 141,237342.4,1
8/1/2021,Sumatera,sku 141,240508.3,1
9/1/2021,Sumatera,sku 141,240809.7,1
10/1/2021,Sumatera,sku 141,265923.8,1
11/1/2021,Sumatera,sku 141,261184.5,1
12/1/2021,Sumatera,sku 141,273213.8,1
1/1/2022,Sumatera,sku 141,285178,1
1/1/2019,Sumatera,sku 341,120041,0
2/1/2019,Sumatera,sku 341,103517.4,0
3/1/2019,Sumatera,sku 341,110369.4,0
4/1/2019,Sumatera,sku 341,111078.7,0
5/1/2019,Sumatera,sku 341,115806.1,0
6/1/2019,Sumatera,sku 341,123943.4,0
7/1/2019,Sumatera,sku 341,128431,0
8/1/2019,Sumatera,sku 341,126660.2,0
9/1/2019,Sumatera,sku 341,113213.2,0
10/1/2019,Sumatera,sku 341,112832.3,0
11/1/2019,Sumatera,sku 341,112529.9,0
12/1/2019,Sumatera,sku 341,110726.6,0
1/1/2020,Sumatera,sku 341,122499.7,0
2/1/2020,Sumatera,sku 341,108857.3,0
3/1/2020,Sumatera,sku 341,116529.5,0
4/1/2020,Sumatera,sku 341,102730.8,1
5/1/2020,Sumatera,sku 341,80150.3,1
6/1/2020,Sumatera,sku 341,90457.3,1
7/1/2020,Sumatera,sku 341,90755.3,1
8/1/2020,Sumatera,sku 341,107071.5,1
9/1/2020,Sumatera,sku 341,105035.1,1
10/1/2020,Sumatera,sku 341,98164.4,1
11/1/2020,Sumatera,sku 341,100774.3,1
12/1/2020,Sumatera,sku 341,103757.8,1
1/1/2021,Sumatera,sku 341,106796.6,1
2/1/2021,Sumatera,sku 341,97048.9,1
3/1/2021,Sumatera,sku 341,107603.4,1
4/1/2021,Sumatera,sku 341,102153.9,1
5/1/2021,Sumatera,sku 341,101915.4,1
6/1/2021,Sumatera,sku 341,112006.5,1
7/1/2021,Sumatera,sku 341,109043.7,1
8/1/2021,Sumatera,sku 341,111253.5,1
9/1/2021,Sumatera,sku 341,107108.8,1
10/1/2021,Sumatera,sku 341,115687.5,1
11/1/2021,Sumatera,sku 341,110412,1
12/1/2021,Sumatera,sku 341,113968.2,1
1/1/2022,Sumatera,sku 341,120735.4,1
1/1/2019,Sumatera,sku87,1623.4,0
2/1/2019,Sumatera,sku87,1272.1,0
3/1/2019,Sumatera,sku87,1410.2,0
4/1/2019,Sumatera,sku87,2133.9,0
5/1/2019,Sumatera,sku87,1812.1,0
6/1/2019,Sumatera,sku87,2039.1,0
7/1/2019,Sumatera,sku87,1872,0
8/1/2019,Sumatera,sku87,1449.3,0
9/1/2019,Sumatera,sku87,1471.1,0
10/1/2019,Sumatera,sku87,1574.5,0
11/1/2019,Sumatera,sku87,1572.1,0
12/1/2019,Sumatera,sku87,1498.8,0
1/1/2020,Sumatera,sku87,1625,0
2/1/2020,Sumatera,sku87,1678,0
3/1/2020,Sumatera,sku87,1719.5,0
4/1/2020,Sumatera,sku87,1273,1
5/1/2020,Sumatera,sku87,1040.3,1
6/1/2020,Sumatera,sku87,1019,1
7/1/2020,Sumatera,sku87,1049.2,1
8/1/2020,Sumatera,sku87,1233.6,1
9/1/2020,Sumatera,sku87,1277.9,1
10/1/2020,Sumatera,sku87,1338.2,1
11/1/2020,Sumatera,sku87,1656.9,1
12/1/2020,Sumatera,sku87,1997.4,1
1/1/2021,Sumatera,sku87,2118,1
2/1/2021,Sumatera,sku87,1491.4,1
3/1/2021,Sumatera,sku87,2155.7,1
4/1/2021,Sumatera,sku87,1774.2,1
5/1/2021,Sumatera,sku87,1736.6,1
6/1/2021,Sumatera,sku87,2204.5,1
7/1/2021,Sumatera,sku87,2964.4,1
8/1/2021,Sumatera,sku87,3567.4,1
9/1/2021,Sumatera,sku87,3176.6,1
10/1/2021,Sumatera,sku87,3748.9,1
11/1/2021,Sumatera,sku87,3520.5,1
12/1/2021,Sumatera,sku87,3519.8,1
1/1/2022,Sumatera,sku87,3422.6,1
1/1/2019,Sumatera,sku12,1623.4,0
2/1/2019,Sumatera,sku12,1272.1,0
3/1/2019,Sumatera,sku12,1410.2,0
4/1/2019,Sumatera,sku12,2133.9,0
5/1/2019,Sumatera,sku12,1812.1,0
6/1/2019,Sumatera,sku12,2039.1,0
7/1/2019,Sumatera,sku12,1872,0
8/1/2019,Sumatera,sku12,1449.3,0
9/1/2019,Sumatera,sku12,1471.1,0
10/1/2019,Sumatera,sku12,1574.5,0
11/1/2019,Sumatera,sku12,1572.1,0
12/1/2019,Sumatera,sku12,1498.8,0
1/1/2020,Sumatera,sku12,1625,0
2/1/2020,Sumatera,sku12,1678,0
3/1/2020,Sumatera,sku12,1719.5,0
4/1/2020,Sumatera,sku12,1273,1
5/1/2020,Sumatera,sku12,1040.3,1
6/1/2020,Sumatera,sku12,1019,1
7/1/2020,Sumatera,sku12,1049.2,1
8/1/2020,Sumatera,sku12,1228.2,1
9/1/2020,Sumatera,sku12,1185.4,1
10/1/2020,Sumatera,sku12,1145.8,1
11/1/2020,Sumatera,sku12,1473.4,1
12/1/2020,Sumatera,sku12,1870.3,1
1/1/2021,Sumatera,sku12,1924.9,1
2/1/2021,Sumatera,sku12,1441.3,1
3/1/2021,Sumatera,sku12,2155.7,1
4/1/2021,Sumatera,sku12,1774.2,1
5/1/2021,Sumatera,sku12,1736.6,1
6/1/2021,Sumatera,sku12,2187.5,1
7/1/2021,Sumatera,sku12,2858,1
8/1/2021,Sumatera,sku12,3295.4,1
9/1/2021,Sumatera,sku12,3056.1,1
10/1/2021,Sumatera,sku12,3502.6,1
11/1/2021,Sumatera,sku12,3295.1,1
12/1/2021,Sumatera,sku12,3391.2,1
1/1/2022,Sumatera,sku12,3286.1,1
1/1/2019,Sumatera,sku555,NA,0
2/1/2019,Sumatera,sku555,NA,0
3/1/2019,Sumatera,sku555,NA,0
4/1/2019,Sumatera,sku555,NA,0
5/1/2019,Sumatera,sku555,NA,0
6/1/2019,Sumatera,sku555,NA,0
7/1/2019,Sumatera,sku555,NA,0
8/1/2019,Sumatera,sku555,NA,0
9/1/2019,Sumatera,sku555,NA,0
10/1/2019,Sumatera,sku555,NA,0
11/1/2019,Sumatera,sku555,NA,0
12/1/2019,Sumatera,sku555,NA,0
1/1/2020,Sumatera,sku555,NA,0
2/1/2020,Sumatera,sku555,NA,0
3/1/2020,Sumatera,sku555,NA,0
4/1/2020,Sumatera,sku555,NA,1
5/1/2020,Sumatera,sku555,NA,1
6/1/2020,Sumatera,sku555,NA,1
7/1/2020,Sumatera,sku555,NA,1
8/1/2020,Sumatera,sku555,5.3,1
9/1/2020,Sumatera,sku555,92.5,1
10/1/2020,Sumatera,sku555,192.4,1
11/1/2020,Sumatera,sku555,183.4,1
12/1/2020,Sumatera,sku555,127,1
1/1/2021,Sumatera,sku555,193.1,1
2/1/2021,Sumatera,sku555,50.1,1
3/1/2021,Sumatera,sku555,NA,1
4/1/2021,Sumatera,sku555,NA,1
5/1/2021,Sumatera,sku555,NA,1
6/1/2021,Sumatera,sku555,17.1,1
7/1/2021,Sumatera,sku555,106.4,1
8/1/2021,Sumatera,sku555,272,1
9/1/2021,Sumatera,sku555,120.5,1
10/1/2021,Sumatera,sku555,246.3,1
11/1/2021,Sumatera,sku555,225.4,1
12/1/2021,Sumatera,sku555,128.6,1
1/1/2022,Sumatera,sku555,136.5,1
1/1/2019,Sumatera,sku76,19602.3,0
2/1/2019,Sumatera,sku76,16132.4,0
3/1/2019,Sumatera,sku76,20161.5,0
4/1/2019,Sumatera,sku76,20419.5,0
5/1/2019,Sumatera,sku76,20059.3,0
6/1/2019,Sumatera,sku76,19205.4,0
7/1/2019,Sumatera,sku76,20206,0
8/1/2019,Sumatera,sku76,18618,0
9/1/2019,Sumatera,sku76,19342.2,0
10/1/2019,Sumatera,sku76,20564.4,0
11/1/2019,Sumatera,sku76,21026.9,0
12/1/2019,Sumatera,sku76,20480.9,0
1/1/2020,Sumatera,sku76,23643.4,0
2/1/2020,Sumatera,sku76,22238.3,0
3/1/2020,Sumatera,sku76,23000.6,0
4/1/2020,Sumatera,sku76,18720.9,1
5/1/2020,Sumatera,sku76,15348.9,1
6/1/2020,Sumatera,sku76,17666.4,1
7/1/2020,Sumatera,sku76,17271.5,1
8/1/2020,Sumatera,sku76,19323.5,1
9/1/2020,Sumatera,sku76,19774.4,1
10/1/2020,Sumatera,sku76,19493.8,1
11/1/2020,Sumatera,sku76,21684.2,1
12/1/2020,Sumatera,sku76,25275.4,1
1/1/2021,Sumatera,sku76,25099.3,1
2/1/2021,Sumatera,sku76,24176.7,1
3/1/2021,Sumatera,sku76,27241.5,1
4/1/2021,Sumatera,sku76,28340,1
5/1/2021,Sumatera,sku76,27116.5,1
6/1/2021,Sumatera,sku76,30656.6,1
7/1/2021,Sumatera,sku76,27690.2,1
8/1/2021,Sumatera,sku76,27719.8,1
9/1/2021,Sumatera,sku76,28365,1
10/1/2021,Sumatera,sku76,30956.2,1
11/1/2021,Sumatera,sku76,29983.5,1
12/1/2021,Sumatera,sku76,34269.2,1
1/1/2022,Sumatera,sku76,32030.9,1
1/1/2019,Sumatera,SKU12354,10466.4,0
2/1/2019,Sumatera,SKU12354,6476.1,0
3/1/2019,Sumatera,SKU12354,10274.2,0
4/1/2019,Sumatera,SKU12354,9478.9,0
5/1/2019,Sumatera,SKU12354,10423.8,0
6/1/2019,Sumatera,SKU12354,11199,0
7/1/2019,Sumatera,SKU12354,10869.4,0
8/1/2019,Sumatera,SKU12354,10228.9,0
9/1/2019,Sumatera,SKU12354,11306.7,0
10/1/2019,Sumatera,SKU12354,10532.2,0
11/1/2019,Sumatera,SKU12354,10574.6,0
12/1/2019,Sumatera,SKU12354,7477,0
1/1/2020,Sumatera,SKU12354,7663.7,0
2/1/2020,Sumatera,SKU12354,9927.5,0
3/1/2020,Sumatera,SKU12354,9507.6,0
4/1/2020,Sumatera,SKU12354,8643.7,1
5/1/2020,Sumatera,SKU12354,7474.4,1
6/1/2020,Sumatera,SKU12354,8248.5,1
7/1/2020,Sumatera,SKU12354,8601.3,1
8/1/2020,Sumatera,SKU12354,8708.2,1
9/1/2020,Sumatera,SKU12354,8612.2,1
10/1/2020,Sumatera,SKU12354,8588,1
11/1/2020,Sumatera,SKU12354,8179,1
12/1/2020,Sumatera,SKU12354,8909.7,1
1/1/2021,Sumatera,SKU12354,8963.6,1
2/1/2021,Sumatera,SKU12354,8943.8,1
3/1/2021,Sumatera,SKU12354,9324.7,1
4/1/2021,Sumatera,SKU12354,8769.4,1
5/1/2021,Sumatera,SKU12354,7644.3,1
6/1/2021,Sumatera,SKU12354,8472.1,1
7/1/2021,Sumatera,SKU12354,7204.5,1
8/1/2021,Sumatera,SKU12354,6710,1
9/1/2021,Sumatera,SKU12354,7757.8,1
10/1/2021,Sumatera,SKU12354,8294.8,1
11/1/2021,Sumatera,SKU12354,7530.8,1
12/1/2021,Sumatera,SKU12354,7937.6,1
1/1/2022,Sumatera,SKU12354,8271.8,1
1/1/2019,Sumatera,SKU12354,2687.1,0
2/1/2019,Sumatera,SKU12354,2212.7,0
3/1/2019,Sumatera,SKU12354,2864.5,0
4/1/2019,Sumatera,SKU12354,2777.1,0
5/1/2019,Sumatera,SKU12354,3500.1,0
6/1/2019,Sumatera,SKU12354,3203.5,0
7/1/2019,Sumatera,SKU12354,3915.4,0
8/1/2019,Sumatera,SKU12354,3877.7,0
9/1/2019,Sumatera,SKU12354,3742.5,0
10/1/2019,Sumatera,SKU12354,3263.5,0
11/1/2019,Sumatera,SKU12354,3278.2,0
12/1/2019,Sumatera,SKU12354,3109.3,0
1/1/2020,Sumatera,SKU12354,3320.7,0
2/1/2020,Sumatera,SKU12354,3995.9,0
3/1/2020,Sumatera,SKU12354,3787.9,0
4/1/2020,Sumatera,SKU12354,3834.2,1
5/1/2020,Sumatera,SKU12354,1801.8,1
6/1/2020,Sumatera,SKU12354,2515.2,1
7/1/2020,Sumatera,SKU12354,2288.6,1
8/1/2020,Sumatera,SKU12354,2596.1,1
9/1/2020,Sumatera,SKU12354,2356.5,1
10/1/2020,Sumatera,SKU12354,3454.1,1
11/1/2020,Sumatera,SKU12354,3452.4,1
12/1/2020,Sumatera,SKU12354,4207.1,1
1/1/2021,Sumatera,SKU12354,4140.5,1
2/1/2021,Sumatera,SKU12354,4373.1,1
3/1/2021,Sumatera,SKU12354,4419.5,1
4/1/2021,Sumatera,SKU12354,3465.5,1
5/1/2021,Sumatera,SKU12354,3461.5,1
6/1/2021,Sumatera,SKU12354,4111.5,1
7/1/2021,Sumatera,SKU12354,3766.2,1
8/1/2021,Sumatera,SKU12354,3634.1,1
9/1/2021,Sumatera,SKU12354,4128,1
10/1/2021,Sumatera,SKU12354,4442.2,1
11/1/2021,Sumatera,SKU12354,4478.4,1
12/1/2021,Sumatera,SKU12354,5078,1
1/1/2022,Sumatera,SKU12354,5354.3,1
1/1/2019,Sumatera,SKU12354,3990.5,0
2/1/2019,Sumatera,SKU12354,3607.8,0
3/1/2019,Sumatera,SKU12354,3559.8,0
4/1/2019,Sumatera,SKU12354,3564.6,0
5/1/2019,Sumatera,SKU12354,4064.5,0
6/1/2019,Sumatera,SKU12354,3755.9,0
7/1/2019,Sumatera,SKU12354,3947.2,0
8/1/2019,Sumatera,SKU12354,3586.2,0
9/1/2019,Sumatera,SKU12354,3238.7,0
10/1/2019,Sumatera,SKU12354,3069.3,0
11/1/2019,Sumatera,SKU12354,3404.5,0
12/1/2019,Sumatera,SKU12354,4456.4,0
1/1/2020,Sumatera,SKU12354,3855.5,0
2/1/2020,Sumatera,SKU12354,2790.7,0
3/1/2020,Sumatera,SKU12354,3004.8,0
4/1/2020,Sumatera,SKU12354,3062.4,1
5/1/2020,Sumatera,SKU12354,2886.9,1
6/1/2020,Sumatera,SKU12354,3218.5,1
7/1/2020,Sumatera,SKU12354,3315.4,1
8/1/2020,Sumatera,SKU12354,2808.4,1
9/1/2020,Sumatera,SKU12354,2612.5,1
10/1/2020,Sumatera,SKU12354,3054.4,1
11/1/2020,Sumatera,SKU12354,2805.9,1
12/1/2020,Sumatera,SKU12354,3007.8,1
1/1/2021,Sumatera,SKU12354,2714.9,1
2/1/2021,Sumatera,SKU12354,2759.4,1
3/1/2021,Sumatera,SKU12354,2536.2,1
4/1/2021,Sumatera,SKU12354,2320.3,1
5/1/2021,Sumatera,SKU12354,2900.9,1
6/1/2021,Sumatera,SKU12354,2745,1
7/1/2021,Sumatera,SKU12354,3273.9,1
8/1/2021,Sumatera,SKU12354,3423.8,1
9/1/2021,Sumatera,SKU12354,3838.9,1
10/1/2021,Sumatera,SKU12354,3891.7,1
11/1/2021,Sumatera,SKU12354,4696.1,1
12/1/2021,Sumatera,SKU12354,3977.8,1
1/1/2022,Sumatera,SKU12354,4074.8,1
1/1/2019,Sumatera,sku6543,2730.1,0
2/1/2019,Sumatera,sku6543,1965.6,0
3/1/2019,Sumatera,sku6543,2105.9,0
4/1/2019,Sumatera,sku6543,2127.8,0
5/1/2019,Sumatera,sku6543,1678.9,0
6/1/2019,Sumatera,sku6543,2235.5,0
7/1/2019,Sumatera,sku6543,3382.7,0
8/1/2019,Sumatera,sku6543,2985.7,0
9/1/2019,Sumatera,sku6543,3823.8,0
10/1/2019,Sumatera,sku6543,3370.5,0
11/1/2019,Sumatera,sku6543,3065.2,0
12/1/2019,Sumatera,sku6543,3110,0
1/1/2020,Sumatera,sku6543,2784.6,0
2/1/2020,Sumatera,sku6543,2518.4,0
3/1/2020,Sumatera,sku6543,2271.1,0
4/1/2020,Sumatera,sku6543,2885.4,1
5/1/2020,Sumatera,sku6543,2077.7,1
6/1/2020,Sumatera,sku6543,2019.1,1
7/1/2020,Sumatera,sku6543,2714.1,1
8/1/2020,Sumatera,sku6543,2895.6,1
9/1/2020,Sumatera,sku6543,2950.9,1
10/1/2020,Sumatera,sku6543,3300.3,1
11/1/2020,Sumatera,sku6543,3189.5,1
12/1/2020,Sumatera,sku6543,2865.3,1
1/1/2021,Sumatera,sku6543,2811.4,1
2/1/2021,Sumatera,sku6543,2175.4,1
3/1/2021,Sumatera,sku6543,1771.4,1
4/1/2021,Sumatera,sku6543,2014.6,1
5/1/2021,Sumatera,sku6543,1729.9,1
6/1/2021,Sumatera,sku6543,1556.5,1
7/1/2021,Sumatera,sku6543,1735.6,1
8/1/2021,Sumatera,sku6543,1846,1
9/1/2021,Sumatera,sku6543,2734.9,1
10/1/2021,Sumatera,sku6543,3374.8,1
11/1/2021,Sumatera,sku6543,3831.3,1
12/1/2021,Sumatera,sku6543,4006.2,1
1/1/2022,Sumatera,sku6543,3437.8,1
1/1/2019,Sumatera,sku43,4235.7,0
2/1/2019,Sumatera,sku43,3950.8,0
3/1/2019,Sumatera,sku43,4228.6,0
4/1/2019,Sumatera,sku43,4598.6,0
5/1/2019,Sumatera,sku43,4868.5,0
6/1/2019,Sumatera,sku43,4167.7,0
7/1/2019,Sumatera,sku43,4713.5,0
8/1/2019,Sumatera,sku43,4187.6,0
9/1/2019,Sumatera,sku43,4428.9,0
10/1/2019,Sumatera,sku43,3721.3,0
11/1/2019,Sumatera,sku43,4099.4,0
12/1/2019,Sumatera,sku43,3939.4,0
1/1/2020,Sumatera,sku43,5367.8,0
2/1/2020,Sumatera,sku43,4402.6,0
3/1/2020,Sumatera,sku43,4979.7,0
4/1/2020,Sumatera,sku43,3755.9,1
5/1/2020,Sumatera,sku43,2661.6,1
6/1/2020,Sumatera,sku43,3066.6,1
7/1/2020,Sumatera,sku43,3008.9,1
8/1/2020,Sumatera,sku43,3501.3,1
9/1/2020,Sumatera,sku43,3550.4,1
10/1/2020,Sumatera,sku43,3886.5,1
11/1/2020,Sumatera,sku43,3922.9,1
12/1/2020,Sumatera,sku43,4725.4,1
1/1/2021,Sumatera,sku43,3743.6,1
2/1/2021,Sumatera,sku43,3574.7,1
3/1/2021,Sumatera,sku43,3960.7,1
4/1/2021,Sumatera,sku43,4154,1
5/1/2021,Sumatera,sku43,3495.7,1
6/1/2021,Sumatera,sku43,5478.5,1
7/1/2021,Sumatera,sku43,5757.3,1
8/1/2021,Sumatera,sku43,5867.2,1
9/1/2021,Sumatera,sku43,5487.5,1
10/1/2021,Sumatera,sku43,6744.9,1
11/1/2021,Sumatera,sku43,6524.1,1
12/1/2021,Sumatera,sku43,6068.8,1
1/1/2022,Sumatera,sku43,6137.7,1
1/1/2019,Sumatera,sku788,2546.7,0
2/1/2019,Sumatera,sku788,2431.3,0
3/1/2019,Sumatera,sku788,3859.3,0
4/1/2019,Sumatera,sku788,2901,0
5/1/2019,Sumatera,sku788,2303,0
6/1/2019,Sumatera,sku788,2857.5,0
7/1/2019,Sumatera,sku788,2886.2,0
8/1/2019,Sumatera,sku788,3089.6,0
9/1/2019,Sumatera,sku788,2703.7,0
10/1/2019,Sumatera,sku788,2322.4,0
11/1/2019,Sumatera,sku788,2034,0
12/1/2019,Sumatera,sku788,1743.8,0
1/1/2020,Sumatera,sku788,1878.4,0
2/1/2020,Sumatera,sku788,1866.2,0
3/1/2020,Sumatera,sku788,2402.9,0
4/1/2020,Sumatera,sku788,2772.3,1
5/1/2020,Sumatera,sku788,2256.8,1
6/1/2020,Sumatera,sku788,2595.4,1
7/1/2020,Sumatera,sku788,1835.9,1
8/1/2020,Sumatera,sku788,2252,1
9/1/2020,Sumatera,sku788,2128.1,1
10/1/2020,Sumatera,sku788,1948,1
11/1/2020,Sumatera,sku788,1777.6,1
12/1/2020,Sumatera,sku788,2360.4,1
1/1/2021,Sumatera,sku788,2387.7,1
2/1/2021,Sumatera,sku788,2421.2,1
3/1/2021,Sumatera,sku788,2799.1,1
4/1/2021,Sumatera,sku788,2415.5,1
5/1/2021,Sumatera,sku788,3027.3,1
6/1/2021,Sumatera,sku788,3050.4,1
7/1/2021,Sumatera,sku788,2804.6,1
8/1/2021,Sumatera,sku788,2318.8,1
9/1/2021,Sumatera,sku788,2520.4,1
10/1/2021,Sumatera,sku788,2606.5,1
11/1/2021,Sumatera,sku788,3009.7,1
12/1/2021,Sumatera,sku788,3236.8,1
1/1/2022,Sumatera,sku788,3309.1,1
1/1/2019,Sumatera,sku6544,1995.2,0
2/1/2019,Sumatera,sku6544,1445.4,0
3/1/2019,Sumatera,sku6544,1999.2,0
4/1/2019,Sumatera,sku6544,1730.8,0
5/1/2019,Sumatera,sku6544,1875.7,0
6/1/2019,Sumatera,sku6544,1739.4,0
7/1/2019,Sumatera,sku6544,1875.6,0
8/1/2019,Sumatera,sku6544,2338.9,0
9/1/2019,Sumatera,sku6544,2154.1,0
10/1/2019,Sumatera,sku6544,2183.6,0
11/1/2019,Sumatera,sku6544,2467,0
12/1/2019,Sumatera,sku6544,2422.4,0
1/1/2020,Sumatera,sku6544,2286.9,0
2/1/2020,Sumatera,sku6544,2386.5,0
3/1/2020,Sumatera,sku6544,2439.8,0
4/1/2020,Sumatera,sku6544,1717.9,1
5/1/2020,Sumatera,sku6544,1447.8,1
6/1/2020,Sumatera,sku6544,1721.4,1
7/1/2020,Sumatera,sku6544,1514.4,1
8/1/2020,Sumatera,sku6544,1473.1,1
9/1/2020,Sumatera,sku6544,1549.5,1
10/1/2020,Sumatera,sku6544,1281,1
11/1/2020,Sumatera,sku6544,1744.8,1
12/1/2020,Sumatera,sku6544,1830.4,1
1/1/2021,Sumatera,sku6544,2007,1
2/1/2021,Sumatera,sku6544,1272.5,1
3/1/2021,Sumatera,sku6544,1502.6,1
4/1/2021,Sumatera,sku6544,1538.1,1
5/1/2021,Sumatera,sku6544,1392.6,1
6/1/2021,Sumatera,sku6544,1769.9,1
7/1/2021,Sumatera,sku6544,1820.4,1
8/1/2021,Sumatera,sku6544,1988.3,1
9/1/2021,Sumatera,sku6544,2163.8,1
10/1/2021,Sumatera,sku6544,3013.1,1
11/1/2021,Sumatera,sku6544,3660.8,1
12/1/2021,Sumatera,sku6544,3494.9,1
1/1/2022,Sumatera,sku6544,4253.7,1
1/1/2019,Sulawesi,sku 141,296558.5,0
2/1/2019,Sulawesi,sku 141,263321.6,0
3/1/2019,Sulawesi,sku 141,291395.7,0
4/1/2019,Sulawesi,sku 141,289462.6,0
5/1/2019,Sulawesi,sku 141,293669.3,0
6/1/2019,Sulawesi,sku 141,276726.6,0
7/1/2019,Sulawesi,sku 141,301211.7,0
8/1/2019,Sulawesi,sku 141,300349.5,0
9/1/2019,Sulawesi,sku 141,292184.5,0
10/1/2019,Sulawesi,sku 141,316647.1,0
11/1/2019,Sulawesi,sku 141,306684.4,0
12/1/2019,Sulawesi,sku 141,328086.8,0
1/1/2020,Sulawesi,sku 141,326507.2,0
2/1/2020,Sulawesi,sku 141,314028.3,0
3/1/2020,Sulawesi,sku 141,308034.6,0
4/1/2020,Sulawesi,sku 141,251823.8,1
5/1/2020,Sulawesi,sku 141,207772.5,1
6/1/2020,Sulawesi,sku 141,217651.1,1
7/1/2020,Sulawesi,sku 141,214041.6,1
8/1/2020,Sulawesi,sku 141,235880.9,1
9/1/2020,Sulawesi,sku 141,244267.6,1
10/1/2020,Sulawesi,sku 141,257875.3,1
11/1/2020,Sulawesi,sku 141,270100.6,1
12/1/2020,Sulawesi,sku 141,278384.5,1
1/1/2021,Sulawesi,sku 141,276045.9,1
2/1/2021,Sulawesi,sku 141,257050.4,1
3/1/2021,Sulawesi,sku 141,270061.8,1
4/1/2021,Sulawesi,sku 141,278837.1,1
5/1/2021,Sulawesi,sku 141,279996.3,1
6/1/2021,Sulawesi,sku 141,293370.9,1
7/1/2021,Sulawesi,sku 141,291876.8,1
8/1/2021,Sulawesi,sku 141,299684.6,1
9/1/2021,Sulawesi,sku 141,307563.9,1
10/1/2021,Sulawesi,sku 141,344159.6,1
11/1/2021,Sulawesi,sku 141,351299.7,1
12/1/2021,Sulawesi,sku 141,364219.8,1
1/1/2022,Sulawesi,sku 141,370251.5,1
1/1/2019,Sulawesi,sku 341,161375.3,0
2/1/2019,Sulawesi,sku 341,138473.2,0
3/1/2019,Sulawesi,sku 341,153794.1,0
4/1/2019,Sulawesi,sku 341,153981.6,0
5/1/2019,Sulawesi,sku 341,156172.7,0
6/1/2019,Sulawesi,sku 341,145069.2,0
7/1/2019,Sulawesi,sku 341,160622.1,0
8/1/2019,Sulawesi,sku 341,157740,0
9/1/2019,Sulawesi,sku 341,146728.3,0
10/1/2019,Sulawesi,sku 341,158264.7,0
11/1/2019,Sulawesi,sku 341,154866.9,0
12/1/2019,Sulawesi,sku 341,169235.8,0
1/1/2020,Sulawesi,sku 341,167900.5,0
2/1/2020,Sulawesi,sku 341,159987.9,0
3/1/2020,Sulawesi,sku 341,161602.3,0
4/1/2020,Sulawesi,sku 341,130593.5,1
5/1/2020,Sulawesi,sku 341,108523.6,1
6/1/2020,Sulawesi,sku 341,109188.9,1
7/1/2020,Sulawesi,sku 341,103403.1,1
8/1/2020,Sulawesi,sku 341,118949.3,1
9/1/2020,Sulawesi,sku 341,125220.6,1
10/1/2020,Sulawesi,sku 341,131177,1
11/1/2020,Sulawesi,sku 341,136079.7,1
12/1/2020,Sulawesi,sku 341,134781.7,1
1/1/2021,Sulawesi,sku 341,129659.1,1
2/1/2021,Sulawesi,sku 341,124747.6,1
3/1/2021,Sulawesi,sku 341,130342.4,1
4/1/2021,Sulawesi,sku 341,135896.7,1
5/1/2021,Sulawesi,sku 341,135161.2,1
6/1/2021,Sulawesi,sku 341,140057,1
7/1/2021,Sulawesi,sku 341,133867.5,1
8/1/2021,Sulawesi,sku 341,140092.4,1
9/1/2021,Sulawesi,sku 341,140901.8,1
10/1/2021,Sulawesi,sku 341,159261,1
11/1/2021,Sulawesi,sku 341,156982,1
12/1/2021,Sulawesi,sku 341,166567,1
1/1/2022,Sulawesi,sku 341,171681.4,1
1/1/2019,Sulawesi,sku87,4331,0
2/1/2019,Sulawesi,sku87,3474,0
3/1/2019,Sulawesi,sku87,3607,0
4/1/2019,Sulawesi,sku87,3577.2,0
5/1/2019,Sulawesi,sku87,3473.9,0
6/1/2019,Sulawesi,sku87,3949.2,0
7/1/2019,Sulawesi,sku87,3715.5,0
8/1/2019,Sulawesi,sku87,3385.6,0
9/1/2019,Sulawesi,sku87,3107.2,0
10/1/2019,Sulawesi,sku87,2933.7,0
11/1/2019,Sulawesi,sku87,3502.6,0
12/1/2019,Sulawesi,sku87,3426.5,0
1/1/2020,Sulawesi,sku87,3322.3,0
2/1/2020,Sulawesi,sku87,2980.4,0
3/1/2020,Sulawesi,sku87,3336.1,0
4/1/2020,Sulawesi,sku87,3196.7,1
5/1/2020,Sulawesi,sku87,2552.4,1
6/1/2020,Sulawesi,sku87,2947.8,1
7/1/2020,Sulawesi,sku87,3268.1,1
8/1/2020,Sulawesi,sku87,4194.1,1
9/1/2020,Sulawesi,sku87,4463.2,1
10/1/2020,Sulawesi,sku87,5177.5,1
11/1/2020,Sulawesi,sku87,4886.3,1
12/1/2020,Sulawesi,sku87,3360.7,1
1/1/2021,Sulawesi,sku87,3903.6,1
2/1/2021,Sulawesi,sku87,2920.6,1
3/1/2021,Sulawesi,sku87,3129.7,1
4/1/2021,Sulawesi,sku87,2795.3,1
5/1/2021,Sulawesi,sku87,2997.5,1
6/1/2021,Sulawesi,sku87,3129.6,1
7/1/2021,Sulawesi,sku87,2790.9,1
8/1/2021,Sulawesi,sku87,2699.8,1
9/1/2021,Sulawesi,sku87,3495.1,1
10/1/2021,Sulawesi,sku87,3529.8,1
11/1/2021,Sulawesi,sku87,3152.5,1
12/1/2021,Sulawesi,sku87,3494.1,1
1/1/2022,Sulawesi,sku87,3503,1
1/1/2019,Sulawesi,sku12,4331,0
2/1/2019,Sulawesi,sku12,3474,0
3/1/2019,Sulawesi,sku12,3607,0
4/1/2019,Sulawesi,sku12,3577.2,0
5/1/2019,Sulawesi,sku12,3473.9,0
6/1/2019,Sulawesi,sku12,3949.2,0
7/1/2019,Sulawesi,sku12,3715.5,0
8/1/2019,Sulawesi,sku12,3385.6,0
9/1/2019,Sulawesi,sku12,3107.2,0
10/1/2019,Sulawesi,sku12,2933.7,0
11/1/2019,Sulawesi,sku12,3502.6,0
12/1/2019,Sulawesi,sku12,3426.5,0
1/1/2020,Sulawesi,sku12,3322.3,0
2/1/2020,Sulawesi,sku12,2980.4,0
3/1/2020,Sulawesi,sku12,3336.1,0
4/1/2020,Sulawesi,sku12,3196.7,1
5/1/2020,Sulawesi,sku12,2552.4,1
6/1/2020,Sulawesi,sku12,2947.8,1
7/1/2020,Sulawesi,sku12,3268.1,1
8/1/2020,Sulawesi,sku12,4191.8,1
9/1/2020,Sulawesi,sku12,4384.4,1
10/1/2020,Sulawesi,sku12,5028.4,1
11/1/2020,Sulawesi,sku12,4737,1
12/1/2020,Sulawesi,sku12,3242.4,1
1/1/2021,Sulawesi,sku12,3734,1
2/1/2021,Sulawesi,sku12,2872.3,1
3/1/2021,Sulawesi,sku12,3128.9,1
4/1/2021,Sulawesi,sku12,2795.1,1
5/1/2021,Sulawesi,sku12,2997.5,1
6/1/2021,Sulawesi,sku12,3114.4,1
7/1/2021,Sulawesi,sku12,2712.3,1
8/1/2021,Sulawesi,sku12,2527.6,1
9/1/2021,Sulawesi,sku12,3339.9,1
10/1/2021,Sulawesi,sku12,3296.4,1
11/1/2021,Sulawesi,sku12,2933.6,1
12/1/2021,Sulawesi,sku12,3328.2,1
1/1/2022,Sulawesi,sku12,3326.9,1
1/1/2019,Sulawesi,sku555,NA,0
2/1/2019,Sulawesi,sku555,NA,0
3/1/2019,Sulawesi,sku555,NA,0
4/1/2019,Sulawesi,sku555,NA,0
5/1/2019,Sulawesi,sku555,NA,0
6/1/2019,Sulawesi,sku555,NA,0
7/1/2019,Sulawesi,sku555,NA,0
8/1/2019,Sulawesi,sku555,NA,0
9/1/2019,Sulawesi,sku555,NA,0
10/1/2019,Sulawesi,sku555,NA,0
11/1/2019,Sulawesi,sku555,NA,0
12/1/2019,Sulawesi,sku555,NA,0
1/1/2020,Sulawesi,sku555,NA,0
2/1/2020,Sulawesi,sku555,NA,0
3/1/2020,Sulawesi,sku555,NA,0
4/1/2020,Sulawesi,sku555,NA,1
5/1/2020,Sulawesi,sku555,NA,1
6/1/2020,Sulawesi,sku555,NA,1
7/1/2020,Sulawesi,sku555,NA,1
8/1/2020,Sulawesi,sku555,2.3,1
9/1/2020,Sulawesi,sku555,78.8,1
10/1/2020,Sulawesi,sku555,149,1
11/1/2020,Sulawesi,sku555,149.2,1
12/1/2020,Sulawesi,sku555,118.3,1
1/1/2021,Sulawesi,sku555,169.6,1
2/1/2021,Sulawesi,sku555,48.3,1
3/1/2021,Sulawesi,sku555,0.7,1
4/1/2021,Sulawesi,sku555,0.2,1
5/1/2021,Sulawesi,sku555,0,1
6/1/2021,Sulawesi,sku555,15.2,1
7/1/2021,Sulawesi,sku555,78.5,1
8/1/2021,Sulawesi,sku555,172.3,1
9/1/2021,Sulawesi,sku555,155.2,1
10/1/2021,Sulawesi,sku555,233.3,1
11/1/2021,Sulawesi,sku555,218.9,1
12/1/2021,Sulawesi,sku555,165.9,1
1/1/2022,Sulawesi,sku555,176.2,1
1/1/2019,Sulawesi,sku76,23465.3,0
2/1/2019,Sulawesi,sku76,20768,0
3/1/2019,Sulawesi,sku76,26554.9,0
4/1/2019,Sulawesi,sku76,25219.8,0
5/1/2019,Sulawesi,sku76,25157.9,0
6/1/2019,Sulawesi,sku76,24080.2,0
7/1/2019,Sulawesi,sku76,23723.1,0
8/1/2019,Sulawesi,sku76,25926.6,0
9/1/2019,Sulawesi,sku76,26433.1,0
10/1/2019,Sulawesi,sku76,31848.3,0
11/1/2019,Sulawesi,sku76,31020.6,0
12/1/2019,Sulawesi,sku76,32840.7,0
1/1/2020,Sulawesi,sku76,34749.6,0
2/1/2020,Sulawesi,sku76,34626.5,0
3/1/2020,Sulawesi,sku76,34722.1,0
4/1/2020,Sulawesi,sku76,27477.6,1
5/1/2020,Sulawesi,sku76,21795.7,1
6/1/2020,Sulawesi,sku76,23365.8,1
7/1/2020,Sulawesi,sku76,24248.1,1
8/1/2020,Sulawesi,sku76,27448.2,1
9/1/2020,Sulawesi,sku76,29484,1
10/1/2020,Sulawesi,sku76,34279.7,1
11/1/2020,Sulawesi,sku76,36609.9,1
12/1/2020,Sulawesi,sku76,40548.8,1
1/1/2021,Sulawesi,sku76,41704.9,1
2/1/2021,Sulawesi,sku76,37389.9,1
3/1/2021,Sulawesi,sku76,39218.3,1
4/1/2021,Sulawesi,sku76,41443.9,1
5/1/2021,Sulawesi,sku76,43274.5,1
6/1/2021,Sulawesi,sku76,45857.3,1
7/1/2021,Sulawesi,sku76,47982.4,1
8/1/2021,Sulawesi,sku76,45604.2,1
9/1/2021,Sulawesi,sku76,44423.6,1
10/1/2021,Sulawesi,sku76,49185.6,1
11/1/2021,Sulawesi,sku76,50652.5,1
12/1/2021,Sulawesi,sku76,53089.5,1
1/1/2022,Sulawesi,sku76,47317.2,1
1/1/2019,Sulawesi,SKU12354,10781.9,0
2/1/2019,Sulawesi,SKU12354,11995.6,0
3/1/2019,Sulawesi,SKU12354,13136.1,0
4/1/2019,Sulawesi,SKU12354,10799.5,0
5/1/2019,Sulawesi,SKU12354,10374.7,0
6/1/2019,Sulawesi,SKU12354,12020,0
7/1/2019,Sulawesi,SKU12354,12351.5,0
8/1/2019,Sulawesi,SKU12354,11837.8,0
9/1/2019,Sulawesi,SKU12354,13322.7,0
10/1/2019,Sulawesi,SKU12354,14899.3,0
11/1/2019,Sulawesi,SKU12354,14333.6,0
12/1/2019,Sulawesi,SKU12354,14963.2,0
1/1/2020,Sulawesi,SKU12354,14488.7,0
2/1/2020,Sulawesi,SKU12354,16238.5,0
3/1/2020,Sulawesi,SKU12354,10755.7,0
4/1/2020,Sulawesi,SKU12354,9405.2,1
5/1/2020,Sulawesi,SKU12354,9312.4,1
6/1/2020,Sulawesi,SKU12354,10310.5,1
7/1/2020,Sulawesi,SKU12354,11131.5,1
8/1/2020,Sulawesi,SKU12354,10760.2,1
9/1/2020,Sulawesi,SKU12354,10577.1,1
10/1/2020,Sulawesi,SKU12354,10597.5,1
11/1/2020,Sulawesi,SKU12354,12037.3,1
12/1/2020,Sulawesi,SKU12354,14451.1,1
1/1/2021,Sulawesi,SKU12354,15634.8,1
2/1/2021,Sulawesi,SKU12354,13389.2,1
3/1/2021,Sulawesi,SKU12354,13040.5,1
4/1/2021,Sulawesi,SKU12354,13568.8,1
5/1/2021,Sulawesi,SKU12354,11080.8,1
6/1/2021,Sulawesi,SKU12354,11390.5,1
7/1/2021,Sulawesi,SKU12354,14024.6,1
8/1/2021,Sulawesi,SKU12354,16189.1,1
9/1/2021,Sulawesi,SKU12354,18852.7,1
10/1/2021,Sulawesi,SKU12354,17468.2,1
11/1/2021,Sulawesi,SKU12354,17993.7,1
12/1/2021,Sulawesi,SKU12354,16556.6,1
1/1/2022,Sulawesi,SKU12354,16416.8,1
1/1/2019,Sulawesi,SKU12354,9474,0
2/1/2019,Sulawesi,SKU12354,8345.1,0
3/1/2019,Sulawesi,SKU12354,8722.5,0
4/1/2019,Sulawesi,SKU12354,8970.2,0
5/1/2019,Sulawesi,SKU12354,10081.6,0
6/1/2019,Sulawesi,SKU12354,9019.7,0
7/1/2019,Sulawesi,SKU12354,8707.4,0
8/1/2019,Sulawesi,SKU12354,8156.6,0
9/1/2019,Sulawesi,SKU12354,9500.1,0
10/1/2019,Sulawesi,SKU12354,8890.6,0
11/1/2019,Sulawesi,SKU12354,8903.9,0
12/1/2019,Sulawesi,SKU12354,9582.4,0
1/1/2020,Sulawesi,SKU12354,9227.1,0
2/1/2020,Sulawesi,SKU12354,8581.8,0
3/1/2020,Sulawesi,SKU12354,7554.3,0
4/1/2020,Sulawesi,SKU12354,5522.5,1
5/1/2020,Sulawesi,SKU12354,3953.5,1
6/1/2020,Sulawesi,SKU12354,4222.9,1
7/1/2020,Sulawesi,SKU12354,5195.4,1
8/1/2020,Sulawesi,SKU12354,6322.2,1
9/1/2020,Sulawesi,SKU12354,5171.6,1
10/1/2020,Sulawesi,SKU12354,5609,1
11/1/2020,Sulawesi,SKU12354,6205.1,1
12/1/2020,Sulawesi,SKU12354,6572.9,1
1/1/2021,Sulawesi,SKU12354,6078.2,1
2/1/2021,Sulawesi,SKU12354,5546.5,1
3/1/2021,Sulawesi,SKU12354,5375.1,1
4/1/2021,Sulawesi,SKU12354,6329,1
5/1/2021,Sulawesi,SKU12354,6184.2,1
6/1/2021,Sulawesi,SKU12354,6774.5,1
7/1/2021,Sulawesi,SKU12354,6827.2,1
8/1/2021,Sulawesi,SKU12354,7136.6,1
9/1/2021,Sulawesi,SKU12354,8393.2,1
10/1/2021,Sulawesi,SKU12354,9905.6,1
11/1/2021,Sulawesi,SKU12354,10063.7,1
12/1/2021,Sulawesi,SKU12354,9698.7,1
1/1/2022,Sulawesi,SKU12354,9727.5,1
1/1/2019,Sulawesi,SKU12354,3498.5,0
2/1/2019,Sulawesi,SKU12354,2985.8,0
3/1/2019,Sulawesi,SKU12354,2670.9,0
4/1/2019,Sulawesi,SKU12354,3069,0
5/1/2019,Sulawesi,SKU12354,2779.3,0
6/1/2019,Sulawesi,SKU12354,1994.2,0
7/1/2019,Sulawesi,SKU12354,3026,0
8/1/2019,Sulawesi,SKU12354,4005.1,0
9/1/2019,Sulawesi,SKU12354,4024.3,0
10/1/2019,Sulawesi,SKU12354,4138.4,0
11/1/2019,Sulawesi,SKU12354,4069.2,0
12/1/2019,Sulawesi,SKU12354,4531.4,0
1/1/2020,Sulawesi,SKU12354,4385.3,0
2/1/2020,Sulawesi,SKU12354,4207.3,0
3/1/2020,Sulawesi,SKU12354,4405.3,0
4/1/2020,Sulawesi,SKU12354,4138.9,1
5/1/2020,Sulawesi,SKU12354,3281.6,1
6/1/2020,Sulawesi,SKU12354,3173.7,1
7/1/2020,Sulawesi,SKU12354,2526.2,1
8/1/2020,Sulawesi,SKU12354,2489.5,1
9/1/2020,Sulawesi,SKU12354,2977.7,1
10/1/2020,Sulawesi,SKU12354,3746.2,1
11/1/2020,Sulawesi,SKU12354,3930.1,1
12/1/2020,Sulawesi,SKU12354,4010.9,1
1/1/2021,Sulawesi,SKU12354,4117.7,1
2/1/2021,Sulawesi,SKU12354,4325,1
3/1/2021,Sulawesi,SKU12354,5172.4,1
4/1/2021,Sulawesi,SKU12354,4715.4,1
5/1/2021,Sulawesi,SKU12354,5078.4,1
6/1/2021,Sulawesi,SKU12354,5123.6,1
7/1/2021,Sulawesi,SKU12354,6355.1,1
8/1/2021,Sulawesi,SKU12354,6175,1
9/1/2021,Sulawesi,SKU12354,6552.7,1
10/1/2021,Sulawesi,SKU12354,7181.6,1
11/1/2021,Sulawesi,SKU12354,7694.8,1
12/1/2021,Sulawesi,SKU12354,7965.2,1
1/1/2022,Sulawesi,SKU12354,8246.3,1
1/1/2019,Sulawesi,sku6543,9701.4,0
2/1/2019,Sulawesi,sku6543,8849.5,0
3/1/2019,Sulawesi,sku6543,9591.6,0
4/1/2019,Sulawesi,sku6543,10133.1,0
5/1/2019,Sulawesi,sku6543,10264.8,0
6/1/2019,Sulawesi,sku6543,9680,0
7/1/2019,Sulawesi,sku6543,10704.8,0
8/1/2019,Sulawesi,sku6543,10853.1,0
9/1/2019,Sulawesi,sku6543,10467.2,0
10/1/2019,Sulawesi,sku6543,11002.4,0
11/1/2019,Sulawesi,sku6543,10175.4,0
12/1/2019,Sulawesi,sku6543,9835.4,0
1/1/2020,Sulawesi,sku6543,10833.9,0
2/1/2020,Sulawesi,sku6543,10166.8,0
3/1/2020,Sulawesi,sku6543,10411.8,0
4/1/2020,Sulawesi,sku6543,8022.9,1
5/1/2020,Sulawesi,sku6543,5474.8,1
6/1/2020,Sulawesi,sku6543,6368.9,1
7/1/2020,Sulawesi,sku6543,7490,1
8/1/2020,Sulawesi,sku6543,7519.4,1
9/1/2020,Sulawesi,sku6543,7626.4,1
10/1/2020,Sulawesi,sku6543,7543.2,1
11/1/2020,Sulawesi,sku6543,7898.6,1
12/1/2020,Sulawesi,sku6543,8208.4,1
1/1/2021,Sulawesi,sku6543,9036,1
2/1/2021,Sulawesi,sku6543,7325.6,1
3/1/2021,Sulawesi,sku6543,8719.9,1
4/1/2021,Sulawesi,sku6543,9335.7,1
5/1/2021,Sulawesi,sku6543,9169.9,1
6/1/2021,Sulawesi,sku6543,10069.3,1
7/1/2021,Sulawesi,sku6543,9622.1,1
8/1/2021,Sulawesi,sku6543,10289.8,1
9/1/2021,Sulawesi,sku6543,10108.1,1
10/1/2021,Sulawesi,sku6543,11367.5,1
11/1/2021,Sulawesi,sku6543,11290.1,1
12/1/2021,Sulawesi,sku6543,11610.7,1
1/1/2022,Sulawesi,sku6543,12311.9,1
1/1/2019,Sulawesi,sku43,2350.9,0
2/1/2019,Sulawesi,sku43,2344.9,0
3/1/2019,Sulawesi,sku43,2969.1,0
4/1/2019,Sulawesi,sku43,3034.7,0
5/1/2019,Sulawesi,sku43,3378.9,0
6/1/2019,Sulawesi,sku43,2338.3,0
7/1/2019,Sulawesi,sku43,2196.8,0
8/1/2019,Sulawesi,sku43,2295.2,0
9/1/2019,Sulawesi,sku43,2504.6,0
10/1/2019,Sulawesi,sku43,2546.2,0
11/1/2019,Sulawesi,sku43,2328.7,0
12/1/2019,Sulawesi,sku43,2369.7,0
1/1/2020,Sulawesi,sku43,2639.7,0
2/1/2020,Sulawesi,sku43,2573.7,0
3/1/2020,Sulawesi,sku43,2422.9,0
4/1/2020,Sulawesi,sku43,2065.4,1
5/1/2020,Sulawesi,sku43,2086.7,1
6/1/2020,Sulawesi,sku43,1853.3,1
7/1/2020,Sulawesi,sku43,1596.3,1
8/1/2020,Sulawesi,sku43,1757.8,1
9/1/2020,Sulawesi,sku43,1976.7,1
10/1/2020,Sulawesi,sku43,2160.5,1
11/1/2020,Sulawesi,sku43,2140.6,1
12/1/2020,Sulawesi,sku43,2322.7,1
1/1/2021,Sulawesi,sku43,2544.7,1
2/1/2021,Sulawesi,sku43,2506.9,1
3/1/2021,Sulawesi,sku43,2869.4,1
4/1/2021,Sulawesi,sku43,2916.2,1
5/1/2021,Sulawesi,sku43,3027.4,1
6/1/2021,Sulawesi,sku43,3085.1,1
7/1/2021,Sulawesi,sku43,3360.6,1
8/1/2021,Sulawesi,sku43,3725.4,1
9/1/2021,Sulawesi,sku43,3895.2,1
10/1/2021,Sulawesi,sku43,4869.8,1
11/1/2021,Sulawesi,sku43,5599.3,1
12/1/2021,Sulawesi,sku43,5762.2,1
1/1/2022,Sulawesi,sku43,6369.1,1
1/1/2019,Sulawesi,sku788,2516.7,0
2/1/2019,Sulawesi,sku788,4504.6,0
3/1/2019,Sulawesi,sku788,3563.5,0
4/1/2019,Sulawesi,sku788,2877,0
5/1/2019,Sulawesi,sku788,3049.7,0
6/1/2019,Sulawesi,sku788,2586.9,0
7/1/2019,Sulawesi,sku788,3758.7,0
8/1/2019,Sulawesi,sku788,4007.4,0
9/1/2019,Sulawesi,sku788,2271.4,0
10/1/2019,Sulawesi,sku788,2571.3,0
11/1/2019,Sulawesi,sku788,1822.8,0
12/1/2019,Sulawesi,sku788,1858.8,0
1/1/2020,Sulawesi,sku788,1048,0
2/1/2020,Sulawesi,sku788,979.2,0
3/1/2020,Sulawesi,sku788,901.1,0
4/1/2020,Sulawesi,sku788,697.1,1
5/1/2020,Sulawesi,sku788,480.4,1
6/1/2020,Sulawesi,sku788,317.3,1
7/1/2020,Sulawesi,sku788,1389.7,1
8/1/2020,Sulawesi,sku788,1017.2,1
9/1/2020,Sulawesi,sku788,310.9,1
10/1/2020,Sulawesi,sku788,320.7,1
11/1/2020,Sulawesi,sku788,489.3,1
12/1/2020,Sulawesi,sku788,559.4,1
1/1/2021,Sulawesi,sku788,751.3,1
2/1/2021,Sulawesi,sku788,1096.9,1
3/1/2021,Sulawesi,sku788,1292.3,1
4/1/2021,Sulawesi,sku788,1556,1
5/1/2021,Sulawesi,sku788,1556.6,1
6/1/2021,Sulawesi,sku788,2076.3,1
7/1/2021,Sulawesi,sku788,1846.6,1
8/1/2021,Sulawesi,sku788,1580.5,1
9/1/2021,Sulawesi,sku788,1814.5,1
10/1/2021,Sulawesi,sku788,2351.3,1
11/1/2021,Sulawesi,sku788,2522.8,1
12/1/2021,Sulawesi,sku788,2950.2,1
1/1/2022,Sulawesi,sku788,3217.4,1
1/1/2019,Sulawesi,sku6544,703.8,0
2/1/2019,Sulawesi,sku6544,622.6,0
3/1/2019,Sulawesi,sku6544,792.8,0
4/1/2019,Sulawesi,sku6544,750.1,0
5/1/2019,Sulawesi,sku6544,604.2,0
6/1/2019,Sulawesi,sku6544,388.4,0
7/1/2019,Sulawesi,sku6544,608.3,0
8/1/2019,Sulawesi,sku6544,333.3,0
9/1/2019,Sulawesi,sku6544,780.1,0
10/1/2019,Sulawesi,sku6544,978.9,0
11/1/2019,Sulawesi,sku6544,1040.7,0
12/1/2019,Sulawesi,sku6544,1002.6,0
1/1/2020,Sulawesi,sku6544,862.1,0
2/1/2020,Sulawesi,sku6544,993.6,0
3/1/2020,Sulawesi,sku6544,1312,0
4/1/2020,Sulawesi,sku6544,1182.8,1
5/1/2020,Sulawesi,sku6544,1123.7,1
6/1/2020,Sulawesi,sku6544,924.1,1
7/1/2020,Sulawesi,sku6544,1305.8,1
8/1/2020,Sulawesi,sku6544,888.8,1
9/1/2020,Sulawesi,sku6544,757.8,1
10/1/2020,Sulawesi,sku6544,828.9,1
11/1/2020,Sulawesi,sku6544,818.5,1
12/1/2020,Sulawesi,sku6544,1178.8,1
1/1/2021,Sulawesi,sku6544,1364.1,1
2/1/2021,Sulawesi,sku6544,815.6,1
3/1/2021,Sulawesi,sku6544,1749.6,1
4/1/2021,Sulawesi,sku6544,806.6,1
5/1/2021,Sulawesi,sku6544,1242.4,1
6/1/2021,Sulawesi,sku6544,1060.9,1
7/1/2021,Sulawesi,sku6544,1252.1,1
8/1/2021,Sulawesi,sku6544,1831.9,1
9/1/2021,Sulawesi,sku6544,2047.1,1
10/1/2021,Sulawesi,sku6544,1690,1
11/1/2021,Sulawesi,sku6544,1865.8,1
12/1/2021,Sulawesi,sku6544,2295.9,1
1/1/2022,Sulawesi,sku6544,2219.9,1
